user_id,skin_type,personal_color,sensitiveness,non_inflammatory_acne,trouble,atopy,dead_skin,eyebags,pore,elasticity,wrinkle,blemish,lightening
올립영전메이투,복합성,웜톤,,,,,,O,O,,,,
징쎈,민감성,봄웜톤,O,,O,,,,,,,,
스리쓰,지성,봄웜톤,,,,,O,,O,,,,
데이지33,건성,쿨톤,,,,,,,,,,O,O
스타일러,복합성,여름쿨톤,,,,,,,O,O,,,
매일귀여운강아지,민감성,여름쿨톤,O,,,,,,O,,,,
텅수,민감성,웜톤,O,,,,,,O,,,,
키위새깜자,지성,가을웜톤,,,,,,O,O,,,,
코기러버,민감성,웜톤,O,O,,,,,,,,,
쩡쫑찡,복합성,봄웜톤,,,,,,,,,O,O,
BTSKOMO,복합성,웜톤,,O,,,,,O,,,,
yop,복합성,쿨톤,,O,,,,,O,,,,
본예이,민감성,봄웜톤,O,,,O,,,,,,,
비치양,민감성,쿨톤,O,,,,,,,O,,,
맥주가조와,복합성,웜톤,,,,,,O,O,,,,
쁄,,,,,,,,,,,,,
또료니,,,,,,,,,,,,,
건조해엄청나,민감성,봄웜톤,O,,,,,,,,,O,
무병장수,복합성,쿨톤,,,O,,,,O,,,,
흰뚜루,복합성,쿨톤,,,,,,,,,O,O,
RIRI078,민감성,웜톤,O,,,,O,,O,,,,
이안901,건성,웜톤,,,,,,,,,,,O
수동한,,,,,,,,,,,,,
식물킹,민감성,쿨톤,O,,,,O,,O,,,,
dy****,,,,,,,,,,,,,
모얌당고,복합성,여름쿨톤,,O,,,,,,,,O,
탄탄고고,복합성,봄웜톤,,,,,O,,O,,,,
jk****,복합성,,,,,,,,,,,,
단이00214,복합성,겨울쿨톤,,O,,,,,O,,,,
젤로,건성,,,,,,,,,,,,
Lynniee,,,,,,,,,,,,,
마인,건성,쿨톤,,,,,,,,,O,O,
뷰티플데이,,,,,,,,,,,,,
OliviaSpanish,민감성,쿨톤,O,,,,,,,,,,
이수아아,건성,여름쿨톤,,O,,,,,O,,,,
미니골드,,,,,,,,,,,,,
밤송,민감성,봄웜톤,O,,,,,,O,,,,
띠링띠링띠로링,복합성,쿨톤,,,,,,,O,,,O,
쿠키토끼,민감성,여름쿨톤,O,O,,,,,O,,,,
susu70,,,,,,,,,,,,,
뽀이동이,건성,쿨톤,,,,,,,O,O,,,
별향,건성,쿨톤,,,,,O,O,,,,,
히플이,건성,쿨톤,,O,,,,,O,,,,
투벨실버,건성,웜톤,,,,,,O,O,,,,
요가파이어,건성,웜톤,,,,,,O,,,,O,
보라꾸미,복합성,,,,,,O,,O,,,,
엘레니짱,민감성,쿨톤,O,,,,,,O,,,,
기야운고양이,,,,,,,,,,,,,
올영노예가꿈,복합성,가을웜톤,,,,,O,O,,,,,
방미,복합성,봄웜톤,,,,,,,,,,O,
꾸꾸깍까,복합성,가을웜톤,,,,,,,O,,,O,
퍼플유방탄,,,,,,,,,,,,,
lovedeer,민감성,쿨톤,O,,,,O,,O,,,,
옐로문,,,,,,,,,,,,,
V은하수V,복합성,웜톤,,,,,O,,O,,,,
첫느낌그대로,지성,웜톤,,,,,O,,O,,,,
estrella1007,복합성,여름쿨톤,,O,,,,,,,,O,
망개떡포에버,,,,,,,,,,,,,
방그리,,,,,,,,,,,,,
szxszx,복합성,여름쿨톤,,,,,O,,O,,,,
메이크업배우기,,,,,,,,,,,,,
샤랄라,,,,,,,,,,,,,
킥킥,건성,여름쿨톤,,,,,,,,,,,
우리은하,복합성,쿨톤,,,,,O,,,,,,O
밝고자신있게,,,,,,,,,,,,,
jk****,,,,,,,,,,,,,
ㄹㄹㄹㅂ,복합성,,,,,,,,,,,,
올리브쟁이,건성,쿨톤,,,,,O,,,,,,O
나타샤,민감성,여름쿨톤,O,,,,,,O,,,,
젤로옐로,민감성,,O,,,,,,,,,,
ss25****,,,,,,,,,,,,,
슈수수수퍼노밥,,,,,,,,,,,,,
려워니진,,,,,,,,,,,,,
doelekd,,,,,,,,,,,,,
jaemi****,,,,,,,,,,,,,
202짱,,,,,,,,,,,,,
미니용구리,,,,,,,,,,,,,
yeonsu****,복합성,가을웜톤,,,,,,,O,,,,
애햄,,,,,,,,,,,,,
롸늬,지성,여름쿨톤,,,,,O,O,,,,,
윤댕궁댕,민감성,봄웜톤,O,,,,,,,,,,
여쿨뮤뮤뮤,복합성,여름쿨톤,,,,,,,,,,,O
홍대미대생,복합성,여름쿨톤,,O,,,,,O,,,,
뿅뿅감자,,,,,,,,,,,,,
party****,,,,,,,,,,,,,
k202401162****,,,,,,,,,,,,,
석찌니,복합성,여름쿨톤,,,,,O,O,,,,,
낑낑밥솥,민감성,여름쿨톤,O,O,,,,,,,,,
이우우이,건성,쿨톤,,,,,O,O,,,,,
윤나,복합성,쿨톤,,,,,,,O,,,O,
일단사본다,,,,,,,,,,,,,
ouestdans,복합성,겨울쿨톤,,,,,,,,,,O,O
볼빨고싼춘기,,,,,,,,,,,,,
정E,건성,쿨톤,,,,,,,,,,O,O
sunyoun****,지성,가을웜톤,,O,,,,,O,,,,
어노운,,,,,,,,,,,,,
아지난,민감성,봄웜톤,O,,,,,,,,O,,
올리브늙은이,민감성,여름쿨톤,O,,,,O,,O,,,,
Lalaloo,복합성,쿨톤,,O,,,,,O,,,,
vec****,복합성,쿨톤,,O,,,,,,,,O,
as****,,,,,,,,,,,,,
올립응,,,,,,,,,,,,,
diosa****,지성,웜톤,,,,,O,,O,,,,
쵸파사랑,민감성,쿨톤,O,,O,,,,,,,,
알콩달콩해,민감성,겨울쿨톤,O,,,,,,,,,O,
외계인먼상,,,,,,,,,,,,,
ndj****,,,,,,,,,,,,,
엄마말들을걸,,,,,,,,,,,,,
1meloveme,복합성,쿨톤,,,,,O,,O,,,,
바나냐,복합성,봄웜톤,,,,,,O,O,,,,
블랙니니,복합성,가을웜톤,,,,,,,O,,,,
상콤한앤,,,,,,,,,,,,,
erissel,복합성,가을웜톤,,,,,O,,O,,,,
wjdgosk20,,,,,,,,,,,,,
leesh****,건성,쿨톤,,,,,O,O,,,,,
vpdjr****,,,,,,,,,,,,,
포이유,,,,,,,,,,,,,
아저씨여기서내릴께요,,,,,,,,,,,,,
통고숨,복합성,여름쿨톤,,,,O,,,O,,,,
윤지효,,,,,,,,,,,,,
와랄라웅,,,,,,,,,,,,,
노원불뷔둘귀,,,,,,,,,,,,,
saver****,,,,,,,,,,,,,
jung11****,,,,,,,,,,,,,
17kiduy****,지성,웜톤,,,,,O,,O,,,,
쵸코쇼코쵸코,지성,여름쿨톤,,,,,,,O,,,O,
끼누누,복합성,봄웜톤,,,,,O,,O,,,,
edit****,,,,,,,,,,,,,
dksthg****,,,,,,,,,,,,,
kangyoo****,,,,,,,,,,,,,
leng****,,,,,,,,,,,,,
kk****,,,,,,,,,,,,,
dksrk****,,,,,,,,,,,,,
dodoh****,,,,,,,,,,,,,
잔나방,민감성,,O,,,,,,,,,O,
지잉짜앙,민감성,여름쿨톤,O,,,,,,,,,O,
서작가,복합성,웜톤,,,,,,,,,,,
예빈ㅇ,건성,여름쿨톤,,,,,,O,O,,,,
곰순이곰순이,,,,,,,,,,,,,
dla98****,,,,,,,,,,,,,
qotjgu****,,,,,,,,,,,,,
허니영이맘,,,,,,,,,,,,,
Huii07,건성,쿨톤,,,,,O,O,,,,,
yhsh****,,,,,,,,,,,,,
라리짱,건성,쿨톤,,,,,O,,O,,,,
혜닝2,민감성,웜톤,O,,,,,,,,,O,
hyeo****,,,,,,,,,,,,,
ke****,민감성,웜톤,O,,,,,,,,,,
15151,,,,,,,,,,,,,
김퍼플씨,복합성,봄웜톤,,,,,,,O,O,,,
inewmin,지성,쿨톤,,,,,O,,O,,,,
zy0902,지성,여름쿨톤,,O,,,,,,,,,O
문선이,건성,,,,,,,,,,,,
젤라똥,지성,쿨톤,,O,,,,,O,,,,
1브라운1,민감성,가을웜톤,O,,,,,,O,,,,
초밥마시쩡,복합성,봄웜톤,,O,,,,,,,,,O
jjongvely,복합성,여름쿨톤,,O,,,,,O,,,,
얀시,민감성,웜톤,O,O,,,,,O,,,,
낭만고양이라니,건성,쿨톤,,,,,O,,,,,,O
wjdekd****,,,,,,,,,,,,,
park7****,,,,,,,,,,,,,
앙지아느,,,,,,,,,,,,,
1113ja****,복합성,쿨톤,,,O,,,O,,,,,
oju****,건성,여름쿨톤,,,,,,,O,,,,O
학교가기싫다고요,,,,,,,,,,,,,
마옹,,,,,,,,,,,,,
rh0hee8,,,,,,,,,,,,,
janny06****,복합성,여름쿨톤,,O,,,,,,,,O,
lyh99****,복합성,쿨톤,,,O,,,,,,,,
스이닝,지성,쿨톤,,,,,,,O,,,O,
내지갑속거지리브영올,지성,봄웜톤,,,,,O,,,,,O,
바보토끼,건성,봄웜톤,,,,,,,,,,,
올영에mi친자,민감성,봄웜톤,O,,,,,O,,,,,O
엉지이,,,,,,,,,,,,,
담구,,,,,,,,,,,,,
쵳리,민감성,쿨톤,O,,,,,,,,,,
후하하,민감성,여름쿨톤,O,,,,,,O,,,,O
17피스타쵸,건성,웜톤,,,,,,,O,,O,,
윤주0307,,,,,,,,,,,,,
로마닝,,,,,,,,,,,,,
hbj,트러블성,웜톤,,,,,O,O,,,,,
리뷰요정정,트러블성,쿨톤,,,,,O,,O,,,,
흰모찌잉,복합성,겨울쿨톤,,,,,O,O,,,,,
프레싀영,복합성,여름쿨톤,,,,,O,,O,,,,
해리니,건성,여름쿨톤,,,,,,,O,,,,O
Kimleeyeon,민감성,가을웜톤,O,,,,,O,,,,,
햅삡삐,약건성,봄웜톤,,,,,O,,,,,,
주먹밤쿵야,건성,웜톤,,,,,,,,,,,
leejia****,,,,,,,,,,,,,
멍멈미,약건성,쿨톤,,,,,O,O,,,,,
쏭쏭,건성,쿨톤,,,,,,O,O,,,,
dbgu****,,,,,,,,,,,,,
taem****,,,,,,,,,,,,,
je****,,,,,,,,,,,,,
빤딱,민감성,가을웜톤,O,,,,,,O,,,,
donh****,,,,,,,,,,,,,
올영공쥬님,,,,,,,,,,,,,
뭐지나코덕인가,복합성,겨울쿨톤,,,,,O,O,,,,,
이멩구,민감성,여름쿨톤,O,,,,,O,,,,,
jah****,,,,,,,,,,,,,
wltn****,,,,,,,,,,,,,
coka****,,,,,,,,,,,,,
올리브영깡,민감성,여름쿨톤,O,,,O,,,,,,,
어푸푸푸푸,민감성,웜톤,O,O,,,,,O,,,,
쪼아오,,,,,,,,,,,,,
영서아,건성,쿨톤,,,,,O,,O,,,,
해삐루피매니졀,,,,,,,,,,,,,
초이봄,민감성,여름쿨톤,O,,,,O,O,,,,,
쀼슈,민감성,봄웜톤,O,,,,,,,,,O,
토토걸,민감성,봄웜톤,O,,O,,,,,,,,
쭈지쭈,민감성,가을웜톤,O,O,,,,,,,,,
goldf****,,,,,,,,,,,,,
11****,,,,,,,,,,,,,
ajj****,,,,,,,,,,,,,
kgay****,,,,,,,,,,,,,
0su****,복합성,쿨톤,,,O,,,,,,,,
피부관리좋아함,건성,여름쿨톤,,,,,,O,O,,,,
잳,민감성,봄웜톤,O,,,,,,,,,,
얼죽아,지성,가을웜톤,,O,,,,,O,,,,
what****,,,,,,,,,,,,,
hio****,,,,,,,,,,,,,
베베공주님,,,,,,,,,,,,,
syun0816,민감성,겨울쿨톤,O,,,,,,,,,,
Epiphyllum,복합성,가을웜톤,,,,,O,O,,,,,
SJS06,복합성,여름쿨톤,,,,,O,,O,,,,
구황작물자매,,,,,,,,,,,,,
Tia,복합성,웜톤,,,,,O,,O,,,,
현블리네,건성,여름쿨톤,,,,,,,,,,O,O
지이이졍,복합성,봄웜톤,,,,,O,,O,,,,
얍얍1,건성,웜톤,,,,,O,,O,,,,
슈비두비,지성,쿨톤,,O,O,,,,,,,,
슈비두비,지성,웜톤,,O,O,,,,,,,,
여름쨩,,,,,,,,,,,,,
매시리하,,,,,,,,,,,,,
정E,건성,봄웜톤,,,,,,,,,,O,O
콩이는콩이,건성,쿨톤,,O,,,,,,,O,,
짱구뽀에범,민감성,웜톤,O,,,,,,,,,O,
피부예민금쪽이,민감성,여름쿨톤,O,,,O,,,,,,,
우루루까꿍,지성,웜톤,,,O,,,,,,,,
올감영자,복합성,봄웜톤,,,,,,O,,,,,
리거,,,,,,,,,,,,,
앞집토토로,민감성,웜톤,O,,,,,,O,,,,
현직알바쿵야,건성,가을웜톤,,,,,O,,O,,,,
윤아리,민감성,여름쿨톤,O,,,,O,O,,,,,
imagining,민감성,여름쿨톤,O,,,,,,,,,O,
망그러진망곰,건성,웜톤,,,,,O,,,,,,O
오올,복합성,웜톤,,O,,,,,O,,,,
시아별,민감성,봄웜톤,O,,,,,O,O,,,,
늘푸르러,복합성,웜톤,,,,,O,O,,,,,
방탄바라기,복합성,봄웜톤,,,,,O,O,,,,,
푸공쭈,건성,웜톤,,,,,,,O,,,,O
항이이이,건성,웜톤,,,,,,,,,,O,
bear베어,복합성,여름쿨톤,,,,,O,,O,,,,
야미,트러블성,쿨톤,,,,,,,O,,,,O
너올리브영vip된거야,복합성,쿨톤,,,,,,,O,,,,O
제뜨,,,,,,,,,,,,,
Blessing,지성,여름쿨톤,,,O,,,,,,,,O
베리95,지성,웜톤,,,O,,,,O,,,,
붕붕박,민감성,웜톤,O,,,,,,O,,,,
겨우잠이든새벽,건성,,,,,,,,,,,,
YoungLifee,민감성,웜톤,O,,,,O,,O,,,,
슈옌,,,,,,,,,,,,,
호두하트,건성,웜톤,,,,,,,,,,O,O
배고팡,지성,,,,,,O,,O,,,,
쭁쫑,,,,,,,,,,,,,
다찌모찌,지성,봄웜톤,,,,,O,,O,,,,
리철진,,,,,,,,,,,,,
올영쇼핑중독,,,,,,,,,,,,,
hannahl9747,민감성,여름쿨톤,O,,,,O,,,,,,
bono****,,,,,,,,,,,,,
dmswjd****,,,,,,,,,,,,,
codudquf****,,,,,,,,,,,,,
daia****,,,,,,,,,,,,,
여름율무,,,,,,,,,,,,,
돈쓰자,복합성,겨울쿨톤,,O,,,,,O,,,,
한울1213,건성,웜톤,,,,,,,,,,O,
물개앵,복합성,봄웜톤,,,,,O,,O,,,,
웡구짱,민감성,웜톤,O,,,,,,O,,,,
예오니댜,트러블성,봄웜톤,,,O,,,,O,,,,
쓤슘,,,,,,,,,,,,,
역천귀,트러블성,웜톤,,,,,,O,O,,,,
쭈염,민감성,여름쿨톤,O,,,,O,,O,,,,
올영메이트인데요,중성,쿨톤,,,,,,,O,,,,O
waterbomb,복합성,가을웜톤,,,,,,,O,,,O,
봄나리,민감성,웜톤,O,,,,,,O,,,,
쏘야ssoya,민감성,겨울쿨톤,O,,,,,O,O,,,,
윈터뷰,민감성,겨울쿨톤,O,,O,,,,,,,,
골드올챙이,복합성,가을웜톤,,,,,O,,O,,,,
올영에탕진,복합성,웜톤,,,,,O,,O,,,,
삐용삐용ㅇ,복합성,웜톤,,,,,,O,,,,,O
오늘내일,건성,웜톤,,O,,,O,,,,,,
올영뽀삐,복합성,여름쿨톤,,,,,,,O,,,,O
leciellevent,복합성,웜톤,,O,,,,,O,,,,
올리브영알바생인데요,복합성,여름쿨톤,,,,,,,,O,,,
신난토끼,민감성,여름쿨톤,O,,,,,,O,,,,
굼미굼미,지성,웜톤,,,,,O,,O,,,,
올영궁금이,민감성,봄웜톤,O,,,,,,O,,,,O
달달한요정,건성,쿨톤,,,,O,,,,,,,O
하루누나,건성,,,,,,,,O,,,,O
히드돈이,복합성,봄웜톤,,,,,O,O,,,,,
applemint22,복합성,여름쿨톤,,,,,,,O,,,,O
도리처,복합성,웜톤,,,,,,,,O,,,O
황금올리브,민감성,웜톤,O,,,O,,,,,,,
스킨케어사랑,복합성,웜톤,,O,,,O,,,,,,
Hiss,민감성,가을웜톤,O,,,,,,,,,,O
미정잉뎅,건성,웜톤,,,,,O,,O,,,,
나야올챙이,지성,쿨톤,,,,,O,,O,,,,
찹쌀떡메밀묵,복합성,웜톤,,,,,,,O,,,,O
부시시여인,,,,,,,,,,,,,
피부야미아네,복합성,봄웜톤,,,,,,,O,,,,O
올리브올챙,민감성,쿨톤,O,,,,,,,,,,O
천둥이다레이,복합성,겨울쿨톤,,O,,,,,O,,,,
랄라달냥,복합성,여름쿨톤,,,,,O,,O,,,,
젤라비,복합성,봄웜톤,,O,,,,,,,,,
올리브올리브올리브올,복합성,웜톤,,O,O,,,,,,,,
태라짱,건성,웜톤,,O,O,,,,,,,,
술챙이,복합성,웜톤,,O,,,O,,,,,,
하이구,민감성,웜톤,O,,O,,,,O,,,,
jiyeon12****,,,,,,,,,,,,,
imsunmin****,,,,,,,,,,,,,
라보눈,,,,,,,,,,,,,
듀듀정,지성,웜톤,,,O,,,,,,,O,
탱탱8779,복합성,웜톤,,O,,,,,,,,,
규링2,복합성,봄웜톤,,,,,O,,O,,,,
An0n,민감성,,O,,,,,,O,,,,
집다고싶다,트러블성,웜톤,,,,,O,,O,,,,
블루하아이,복합성,봄웜톤,,,O,,,,,,,,
도리킴5,복합성,봄웜톤,,,,,O,,O,,,,
뚜뚜뚜,복합성,웜톤,,,,,O,,O,,,,
달빛스미는밤,민감성,여름쿨톤,O,,O,,,,,,,,
고구마닌,건성,웜톤,,,,,O,,O,,,,
ejjjj****,,,,,,,,,,,,,
dkzlfk****,민감성,쿨톤,O,,,,,,,,,,
slowlly,트러블성,겨울쿨톤,,,O,,,,,,,,
긩긩잉,민감성,겨울쿨톤,O,,O,,,,,,,,
퇴사했는데올영노예중,중성,봄웜톤,,O,,,,,O,,,,
구루굽굽,건성,웜톤,,,,,,O,,,,,O
에란쵸,복합성,웜톤,,O,,,,,,,,O,
융융고고,민감성,웜톤,O,,,,,,O,,,,
골드올챙이야,약건성,쿨톤,,,,,O,,O,,,,
ilovegreen,건성,쿨톤,,,,,,,,,,O,O
푸글렛,민감성,가을웜톤,O,,,,,,O,,,,
녹광,지성,봄웜톤,,,,,O,,O,,,,
올챙이는뽈뽈뽈,트러블성,여름쿨톤,,,,,,,O,,,,O
봉춘,민감성,쿨톤,O,,,,,,O,,,,
로롤로,지성,쿨톤,,,,,O,,O,,,,
OhLive,복합성,쿨톤,,O,,O,,,,,,,
Byeolra,복합성,가을웜톤,,,,,,O,O,,,,
능이버섯이다,복합성,여름쿨톤,,,,,,O,O,,,,
rkddkwl0801,민감성,겨울쿨톤,O,,,,,,,,,O,
냠냠호로록,복합성,웜톤,,,,,,,,,,,O
전직올영알바,지성,웜톤,,,O,,,,,,,,
이것만사고그만산다,건성,쿨톤,,,,,,O,,,,O,
돈이줄줄줄,지성,웜톤,,,,,,O,O,,,,
론론리뷰,복합성,웜톤,,,O,,,,O,,,,
shanying,지성,가을웜톤,,,,,,O,O,,,,
Rodddddl,복합성,웜톤,,,,,,O,O,,,,
팡잇,건성,웜톤,,,,,O,,O,,,,
shynaika,복합성,가을웜톤,,O,,,,,,,,,
피부미,건성,가을웜톤,,,,,,,,,O,,
누가쿠키,복합성,쿨톤,,,O,,,,O,,,,
얼죽아에요,,,,,,,,,,,,,
띵까띵까,,웜톤,,,,,,,,,,,
나나짱,복합성,쿨톤,,,,,O,,O,,,,
우주땅콩,민감성,쿨톤,O,,O,,,,,,,,
바하자,건성,,,O,,,,,,,,,
멍자,,,,,,,,,,,,,
뽀마,,,,,,,,,,,,,
졍쓰,민감성,쿨톤,O,,,,,,,,,O,
choi****,지성,웜톤,,O,,,,,O,,,,
행복한탕후루,,,,,,,,,,,,,
audwk****,,,,,,,,,,,,,
syh****,,,,,,,,,,,,,
tjfdkgkx****,,,,,,,,,,,,,
naone****,,,,,,,,,,,,,
eou****,,,,,,,,,,,,,
lh****,,,,,,,,,,,,,
suji****,,,,,,,,,,,,,
비니ㅡ,민감성,쿨톤,O,,,,,,,,O,,
망꾸,트러블성,봄웜톤,,,,,,,O,,,,
찰루,건성,웜톤,,,,,,,,,,,O
딸기숭이,복합성,봄웜톤,,,,,O,,O,,,,
gwon****,,,,,,,,,,,,,
chlq****,,,,,,,,,,,,,
wkdwog****,,,,,,,,,,,,,
jisoo****,,,,,,,,,,,,,
jjmm****,,,,,,,,,,,,,
신서유기,,,,,,,,,,,,,
집애가고싶다,복합성,,,O,O,,,,,,,,
올찐짱,,,,,,,,,,,,,
팡잇,건성,여름쿨톤,,,,,O,,O,,,,
럭키맠키,지성,가을웜톤,,,,,O,,O,,,,
졍05,지성,봄웜톤,,,,,,,,,,,
밍먕묭,복합성,웜톤,,,,,,,O,,,,
wjdsla****,,,,,,,,,,,,,
jiniov****,,,,,,,,,,,,,
mj****,,,,,,,,,,,,,
a6444****,,,,,,,,,,,,,
seungju****,,,,,,,,,,,,,
닉네임뭐해요,,,,,,,,,,,,,
k202202072****,,,,,,,,,,,,,
덕복희낸화,,,,,,,,,,,,,
9운계란,,,,,,,,,,,,,
히히호호하하소소,복합성,웜톤,,,,,O,,O,,,,
애슐리567,복합성,쿨톤,,O,,,,,O,,,,
횬나,지성,여름쿨톤,,O,,,,,O,,,,
eunkong,중성,웜톤,,,,,,O,O,,,,
sssun2,복합성,가을웜톤,,O,,,,,O,,,,
꺄아아앙,민감성,여름쿨톤,O,,,,,,O,,,,
오롯이,,,,,,,,,,,,,
딘두두,건성,웜톤,,,,,,,,,,O,
jiwon,민감성,쿨톤,O,,O,,,,,,,,
hyolyn****,,,,,,,,,,,,,
뀨우,복합성,웜톤,,,,,,,,,O,,
또속은바보,지성,여름쿨톤,,,,,O,,O,,,,
BEBE,,,,,,,,,,,,,
dygks****,,,,,,,,,,,,,
hgs****,,,,,,,,,,,,,
yun79****,지성,웜톤,,,O,,,O,,,,,
그걸로주세요,건성,쿨톤,,,,,,,,,,,
얄양,민감성,쿨톤,O,,,,O,,,,,,
코코팜포도,복합성,,,,,,,,O,O,,,
져니215,건성,가을웜톤,,,,,,,,,,O,O
lulululalalah,건성,가을웜톤,,,,,,,O,,,O,
코르,민감성,쿨톤,O,,,,,,,,,,O
Kob,건성,쿨톤,,,,,,O,O,,,,
일주일신은양말,복합성,겨울쿨톤,,O,,,,,,,,O,
Linusan,복합성,쿨톤,,,O,,,,,,O,,
먕두,,,,,,,,,,,,,
해강,민감성,봄웜톤,O,,,O,,,,,,,
쥬쥬띠,건성,쿨톤,,,,,O,,O,,,,
라푼젤맘,,,,,,,,,,,,,
올zero,민감성,웜톤,O,,,,,,,,,,O
쥬쥬띠,건성,,,,,,O,,O,,,,
마싯는복숭아,민감성,여름쿨톤,O,,,,O,O,,,,,
seon1,복합성,웜톤,,,,,,,O,,,,O
하이구,민감성,쿨톤,O,,O,,,,O,,,,
구김구기,민감성,쿨톤,O,O,,,,,,,,,
올챙이굴림만두,지성,겨울쿨톤,,,,,,,O,,,,O
xury,복합성,여름쿨톤,,O,,,,,O,,,,
녕유,트러블성,쿨톤,,,O,,,,,,,,
곰드,복합성,웜톤,,O,,,,,O,,,,
코덕덕후잼,복합성,봄웜톤,,,,,O,,O,,,,
니들이게맛을아라,복합성,쿨톤,,,,,,O,O,,,,
Tiffswife,지성,여름쿨톤,,,,,,O,O,,,,
올리브새싹,민감성,여름쿨톤,O,,,,,,O,,,,
욘세,복합성,웜톤,,,O,,O,,,,,,
촠초코,민감성,,O,,,,,,,,,,
틀니,,,,,,,,,,,,,
서농이,복합성,겨울쿨톤,,,,,O,O,,,,,
06년생,복합성,봄웜톤,,,,,,O,O,,,,
싀닝,,,,,,,,,,,,,
노란부리백로,,,,,,,,,,,,,
응비버,민감성,웜톤,O,,,,O,,,,,,
거울속오징어,,,,,,,,,,,,,
인생힘듦이,민감성,겨울쿨톤,O,,,,,,O,,,,
ta29hds****,복합성,,,,,,O,,,,,,O
춚식,,,,,,,,,,,,,
밍이냥,,,,,,,,,,,,,
올영최고얀,복합성,,,,,,O,,,O,,,
른른이,건성,웜톤,,,,,,,O,,,,O
마루밑모리아티,복합성,가을웜톤,,,,,,,O,,,,O
여지니영,트러블성,여름쿨톤,,,O,,,,,,,,
올리브9,복합성,봄웜톤,,,,,,,O,O,,,
뚜34,트러블성,봄웜톤,,,O,,,,,,,,
아티,복합성,웜톤,,,,,O,,,,,O,
멜라빔발사,민감성,여름쿨톤,O,,O,,,,O,,,,
yubi,지성,웜톤,,,,,O,,O,,,,
쿵찍뿌직탕,민감성,봄웜톤,O,,,,,,O,,,O,
어쩔딩초,복합성,여름쿨톤,,,,,O,O,,,,,
Fog,중성,쿨톤,,O,,,,,O,,,,
떠라떠라,,,,,,,,,,,,,
니키2유,민감성,웜톤,O,,,O,,,,,O,,
체리맛딸기,복합성,쿨톤,,,,,,,O,,,,O
오뎅꾸,민감성,가을웜톤,O,,,,,,O,,,,
서콩츄,,,,,,,,,,,,,
뿅쁑뿅뿅,,,,,,,,,,,,,
올영밖에모르는바보,복합성,봄웜톤,,,O,,,,,,,,O
여드름흉터좀없애봐,건성,여름쿨톤,,,,,O,,,,,,O
khjlsb****,,,,,,,,,,,,,
올영참새짹짹,복합성,,,,,,,,O,,,,O
우떠사랑해,,,,,,,,,,,,,
다ㄴ비,,,,,,,,,,,,,
꾸콩인데요,,,,,,,,,,,,,
oliveoilve,,,,,,,,,,,,,
만사귀찮녀,복합성,쿨톤,,,,,O,,O,,,,
alsen****,,,,,,,,,,,,,
집나간사자,복합성,겨울쿨톤,,,,,O,O,,,,,
정원의미녀,복합성,봄웜톤,,,,,,,,,O,,O
해붕이,민감성,여름쿨톤,O,,O,,,,,,,,
wlswl****,,,,,,,,,,,,,
fjqmfp****,,,,,,,,,,,,,
su****,,,,,,,,,,,,,
102****,,,,,,,,,,,,,
wjdgn****,,,,,,,,,,,,,
rain****,,,,,,,,,,,,,
동동동동동동동동,트러블성,가을웜톤,,,,,O,O,,,,,
다라달,민감성,여름쿨톤,O,O,,,,,,,,,
하얀여우가나,,,,,,,,,,,,,
qlsyu,민감성,봄웜톤,O,,,,,,,,,,
수아임니다,중성,가을웜톤,,,,,,,O,,,,O
뮤지니,,,,,,,,,,,,,
GY000,트러블성,쿨톤,,,,,O,,O,,,,
썽썽이,복합성,웜톤,,,,,O,,O,,,,
seojh****,,,,,,,,,,,,,
subinn****,,,,,,,,,,,,,
omse123****,,,,,,,,,,,,,
lims****,,,,,,,,,,,,,
charism****,,,,,,,,,,,,,
tor****,,,,,,,,,,,,,
kth****,,,,,,,,,,,,,
happy****,,,,,,,,,,,,,
syng****,,,,,,,,,,,,,
rm****,,,,,,,,,,,,,
ja****,,,,,,,,,,,,,
natur****,,,,,,,,,,,,,
favori****,지성,,,,,,,,,,,,
dkssydgktpdya,,,,,,,,,,,,,
블루품품,,,,,,,,,,,,,
paris****,,,,,,,,,,,,,
호돌22,민감성,웜톤,O,,O,,,,,,,,
jbinter,복합성,여름쿨톤,,O,,,,,O,,,,
피치요거트,민감성,가을웜톤,O,,,,,,O,,,,
아삭수박,복합성,여름쿨톤,,,,,O,O,,,,,
나야나알,민감성,웜톤,O,,,,O,O,,,,,
명수머니,건성,웜톤,,,,,,O,,,,,O
넉넉넝넝,민감성,가을웜톤,O,,,,,,,,,O,
하니해코덕해,복합성,여름쿨톤,,O,,,,O,,,,,
쑤니1004,약건성,봄웜톤,,,,,,O,,,,O,
플라워날,복합성,쿨톤,,,,,,,,,,O,O
코지데이,복합성,쿨톤,,O,,,,,O,,,,
Nachoa,,,,,,,,,,,,,
우리무5,복합성,가을웜톤,,,,,O,,O,,,,
콜랑,복합성,쿨톤,,,,,,,,,,O,
룽륭,건성,,,,,,,,,,,,
톡톡네샤,건성,웜톤,,,,,O,,O,,,,
서닛,건성,여름쿨톤,,,,,,O,,,,,
m튤립,건성,쿨톤,,O,,,,,O,,,,
바계트빵,민감성,가을웜톤,O,,,,,,O,,,,
주시ㅣ,복합성,여름쿨톤,,,,,O,O,,,,,
할라페뇽,복합성,,,,,,,,O,,,O,
날토,복합성,봄웜톤,,,,,,,O,,,,O
뽀삐삐님,건성,여름쿨톤,,O,,,,,O,,,,
환이죠,중성,가을웜톤,,,,,,O,O,,,,
올리브잉영,건성,쿨톤,,,,,O,,,,,,O
코코몽소세지,건성,,,,,,O,,O,,,,
온찡,복합성,여름쿨톤,,,,,,,O,,,O,
thdd****,지성,,,O,O,,,,,,,,
모무리,민감성,웜톤,O,,,,,,,,,,O
Jumii,건성,봄웜톤,,O,,,,,O,,,,
쪼아잉,복합성,쿨톤,,,,,,,,,,O,O
아그네스97,민감성,여름쿨톤,O,,,,,O,,,,,
순한소금,중성,겨울쿨톤,,O,,,,,,,,O,
tpwkthv,복합성,여름쿨톤,,O,,,,,,,,,
고주부,복합성,봄웜톤,,,,,,,O,O,,,
빵조하,민감성,여름쿨톤,O,,,,,,O,,,,
망곰뷰,건성,가을웜톤,,,,,O,,,,,O,
Camellialatte,민감성,가을웜톤,O,,O,,,,,,,,
아삭수박,건성,여름쿨톤,,,,,O,O,,,,,
소링,복합성,웜톤,,,,,O,,O,,,,
공오이이,복합성,가을웜톤,,,O,,,,,,,,
딩그리01,민감성,가을웜톤,O,,,,,,O,,,,
저녁도시,중성,쿨톤,,O,,,,,,,O,,
doota,민감성,봄웜톤,O,,,,,,,,,O,
찐수부지,지성,가을웜톤,,,,,,O,O,,,,
히히히히힣,건성,겨울쿨톤,,,,,O,O,,,,,
jojo00,,,,,,,,,,,,,
awae,복합성,쿨톤,,,,,,,,,,O,O
슈슈13,건성,봄웜톤,,,,,,O,,,,,O
생고등어,지성,웜톤,,,O,,O,,,,,,
율짱임,,,,,,,,,,,,,
핑크세일러문,복합성,여름쿨톤,,,,,O,,O,,,,
빠나나우유,복합성,웜톤,,,,,,,O,,,O,
윳,복합성,봄웜톤,,O,,,,,,,,O,
톤팡질팡웜톤,민감성,봄웜톤,O,,,,,,O,,,,O
유진입니다,약건성,가을웜톤,,,,,,,,,O,O,
하쿠나마타타고래꼬리,민감성,봄웜톤,O,,,,,,O,,,,
김불탱,건성,웜톤,,,,,,,,,,O,
뚜리뚜뚜,복합성,쿨톤,,,,,,,O,,,O,
올리뷰,복합성,가을웜톤,,,,,O,,O,,,,
얌이얌,복합성,쿨톤,,,,,,,O,,,O,
린쟈오밍,민감성,쿨톤,O,,,,,,,,,O,
fire,건성,여름쿨톤,,,,,,O,,,,,O
고양이곰,중성,여름쿨톤,,,,,,,O,,,,O
재원신,지성,겨울쿨톤,,,,,O,,O,,,,
차가운걸좋아해,민감성,겨울쿨톤,O,,,O,,,,,,,
바계트빵,트러블성,웜톤,,,,,,,O,,,,O
뚜디닛,건성,쿨톤,,,,,,O,,,,,O
냄냠남,건성,봄웜톤,,,,,O,,,,,,O
국어사랑,,,,,,,,,,,,,
룽빠,복합성,여름쿨톤,,,,,,,,,,O,
얄리얄라,민감성,쿨톤,O,,O,,,O,,,,,
꼬리포사,건성,웜톤,,,,,O,O,,,,,
진또백,건성,웜톤,,,,,,,O,,O,,
핫걸올챙이,건성,웜톤,,,,,,,,O,O,,
Cowww,,,,,,,,,,,,,
뜌뜌쓰,,,,,,,,,,,,,
푸링짱,복합성,겨울쿨톤,,,,,O,,O,,,,
피부가젛은미야옹,,,,,,,,,,,,,
개죽이이뿌졍,,,,,,,,,,,,,
scroo****,,,,,,,,,,,,,
이넙뷰티,민감성,겨울쿨톤,O,,,,,,,O,,,
azure****,,,,,,,,,,,,,
frog****,,,,,,,,,,,,,
HaGo,민감성,웜톤,O,,,,O,,O,,,,
무지개달,민감성,쿨톤,O,,,,O,,,,,,
aneun,민감성,웜톤,O,,,,,,,,,,
ksh87****,,,,,,,,,,,,,
gptnrsl****,,,,,,,,,,,,,
lsb****,,,,,,,,,,,,,
mym****,,,,,,,,,,,,,
brl****,,,,,,,,,,,,,
wngus****,,,,,,,,,,,,,
sbe****,,,,,,,,,,,,,
yimhj****,,,,,,,,,,,,,
klisaqu****,,,,,,,,,,,,,
giantmin****,,,,,,,,,,,,,
ygr****,복합성,웜톤,,O,,,,,O,,,,
hyunju****,건성,여름쿨톤,,,,,,,,,,,
혲이혲,건성,여름쿨톤,,,O,,,O,,,,,
wldn9****,,,,,,,,,,,,,
dnglgl****,,,,,,,,,,,,,
Yoohwua,지성,여름쿨톤,,,O,,,,O,,,,
akong783,,,,,,,,,,,,,
오호도,복합성,여름쿨톤,,,,,,O,,,,O,
쪼꼬만기,민감성,여름쿨톤,O,,,,,,O,,,,
뿡삥뽕빵,,,,,,,,,,,,,
hj1****,민감성,웜톤,O,,O,,,,,,,,
yopi****,,,,,,,,,,,,,
ㅇㅕㅇㅇㅜ,,,,,,,,,,,,,
에이쁠,복합성,겨울쿨톤,,,,,O,O,,,,,
cotka,복합성,봄웜톤,,,,,,O,O,,,,
초코딸기a,건성,웜톤,,,,,,,O,,,,O
요쿠르트,복합성,가을웜톤,,O,,,,,,,,,O
피치해,복합성,여름쿨톤,,,,,O,,O,,,,
ah31046,지성,쿨톤,,,O,,,,O,,,,
맴앙,민감성,웜톤,O,,O,,,,,,,,
바닐라루,복합성,여름쿨톤,,,,,,O,O,,,,
한오후,복합성,쿨톤,,,,,,,O,,,O,
곱창맛있어용,,,,,,,,,,,,,
낭만냥이,민감성,쿨톤,O,,,,,,O,,,,
메밀차,건성,여름쿨톤,,,,,O,O,,,,,
하나봄,트러블성,가을웜톤,,,,,,O,O,,,,
멜론볼,건성,겨울쿨톤,,O,,,,,,,,O,
희이,지성,봄웜톤,,,,,,,,,,O,O
올블리,민감성,쿨톤,O,,,,,,,,,O,
올영으로시작하는하루,지성,봄웜톤,,O,,,,,O,,,,
전예슬,민감성,여름쿨톤,O,O,,,,,,,,,O
다로,민감성,봄웜톤,O,,,,O,,,,,,
배고팡,민감성,가을웜톤,O,,,,,,,,,O,
nsropt,건성,웜톤,,,,,O,,O,,,,
무등산토종올챙이,민감성,쿨톤,O,,,,,,O,,,,
v브영2v,,,,,,,,,,,,,
이릴리,지성,가을웜톤,,,,,O,,O,,,,
0ㅌ0,,,,,,,,,,,,,
여흐레,지성,여름쿨톤,,,O,,,,O,,,,
려니짱,민감성,봄웜톤,O,,O,,,,,,,,
리뷰100,민감성,쿨톤,O,,O,,,,,,,O,
사과칩사과해,복합성,여름쿨톤,,,O,,,O,,,,,
ㄴㅇㅣㅃㅡㄱㅔㄱ,,,,,,,,,,,,,
빡두부,복합성,웜톤,,,,,,,,,,,O
기니디리미비시,민감성,여름쿨톤,O,,,,,O,,,,,
pov,민감성,여름쿨톤,O,,O,,,,,O,,,
Roon,복합성,가을웜톤,,,,,,,O,,,,O
하마i,,,,,,,,,,,,,
깅기링,민감성,가을웜톤,O,,,,,,O,,,,
jisuuuu127,복합성,,,,,,O,O,,,,,
나는야느타리,복합성,,,,O,,,,,,,,
피부유몽민,민감성,웜톤,O,,,,O,,,,,,
룰루랄라랏,민감성,웜톤,O,,,,,,,,,O,
케리아,지성,웜톤,,,,,O,O,,,,,
용용죽겠zl,지성,,,,,,,,,,,,
전지적동매시점,,,,,,,,,,,,,
미니멀리뛰기,,,,,,,,,,,,,
카로카로카로,,,,,,,,,,,,,
cyo,,,,,,,,,,,,,
김낰낰,민감성,쿨톤,O,,,,,O,O,,,,
통장털어사람만든다,복합성,겨울쿨톤,,,,,,,O,,,O,
하늘을나는고래,복합성,웜톤,,,,,O,,O,,,,
꼼쥔,민감성,여름쿨톤,O,O,,,,,,,,,
큐리티,민감성,여름쿨톤,O,,,,,,,,,O,
우뚀,복합성,가을웜톤,,,,,,O,O,,,,
짜앙구ㅣ,민감성,겨울쿨톤,O,,,,,,,,,,
지유닁,중성,봄웜톤,,,,,,,,O,,,O
아기자기U,,,,,,,,,,,,,
리뷰보고사세요ㅈㅂ,건성,봄웜톤,,,O,,,,,,,O,
시여잉,,,,,,,,,,,,,
solllli,,,,,,,,,,,,,
ju****,건성,여름쿨톤,,,,,,,,,,,
쿠로미의빵집,복합성,봄웜톤,,O,,,,,O,,,,
꾸꾸끼끼까까,건성,웜톤,,,,,,,O,,,,O
로러롱,복합성,쿨톤,,,,,O,,O,,,,
Sbcie124,,,,,,,,,,,,,
OriOri,건성,웜톤,,,,,O,O,,,,,
Hihihihiih,민감성,가을웜톤,O,,O,,,,,,,,
wonhye,,,,,,,,,,,,,
응솔이뷰,복합성,여름쿨톤,,O,O,,,,,,,,
voo****,건성,겨울쿨톤,,,,,,,,,,,
빵주주,,,,,,,,,,,,,
슈아SHUA,복합성,쿨톤,,,,,,O,O,,,,
좋아라,,,,,,,,,,,,,
jisub****,민감성,,O,,,,,,O,,,,
ny****,,,,,,,,,,,,,
uj2****,,,,,,,,,,,,,
흐헹헹ㅇ,,,,,,,,,,,,,
오잉e,,,,,,,,,,,,,
메요니,,,,,,,,,,,,,
빙빙봉봉,복합성,봄웜톤,,,,,,O,O,,,,
아승승,약건성,겨울쿨톤,,,,,O,,O,,,,
겔랑,건성,여름쿨톤,,,,,,O,O,,,,
홍경여자친구,,,,,,,,,,,,,
Hihihihiih,민감성,겨울쿨톤,O,O,,,,,,,,,O
thdus****,,,,,,,,,,,,,
tmn,,,,,,,,,,,,,
옴팡팡,,,,,,,,,,,,,
shin93****,,,,,,,,,,,,,
pooh19****,,,,,,,,,,,,,
청초한풀내음,민감성,봄웜톤,O,,O,,,,,,,,
달달하니,민감성,가을웜톤,O,O,,,,,O,,,,
엉부,건성,봄웜톤,,,,,O,O,,,,,
nosham****,,,,,,,,,,,,,
milylily****,,,,,,,,,,,,,
win****,,,,,,,,,,,,,
mueun****,,,,,,,,,,,,,
밧지덩,,,,,,,,,,,,,
비상용피카츄,지성,여름쿨톤,,,,,O,,O,,,,
chaen412,트러블성,가을웜톤,,,,,,,O,,,,O
크라운산도집사,민감성,겨울쿨톤,O,,,,,O,,,,,
츄츄츗,,,,,,,,,,,,,
yesol****,,,,,,,,,,,,,
ktothe****,,,,,,,,,,,,,
pol****,,,,,,,,,,,,,
kal03****,,,,,,,,,,,,,
jjj****,,,,,,,,,,,,,
sy****,,,,,,,,,,,,,
sajd****,,,,,,,,,,,,,
jaehie****,,,,,,,,,,,,,
tmfrl****,,,,,,,,,,,,,
roh****,,,,,,,,,,,,,
skadu****,,여름쿨톤,,,,,,,,,,,
mingki86,,,,,,,,,,,,,
비상용피카츄,지성,겨울쿨톤,,,,,O,,O,,,,
김밍,지성,가을웜톤,,,,,,,O,,,,O
용용이ㅓㅕ,복합성,쿨톤,,,,,O,,O,,,,
연날,복합성,웜톤,,,,,,,O,,,O,
상상의워니,민감성,,O,,O,,,,,,,,
아니내말이그거라니까,건성,봄웜톤,,O,,,,,,,,,O
달희,,,,,,,,,,,,,
닉네임을뭐로하지,,,,,,,,,,,,,
미또9933,민감성,웜톤,O,,,,O,,O,,,,
킹하,트러블성,봄웜톤,,,,,,O,O,,,,
꿈공이,민감성,여름쿨톤,O,,O,,,,,,,,
팀장,지성,여름쿨톤,,,,,,O,O,,,,
강강두,,,,,,,,,,,,,
강냉,트러블성,여름쿨톤,,,,,O,O,,,,,
옥민자,민감성,여름쿨톤,O,,,,,,,,,,
치즈냥냥,민감성,웜톤,O,,,,,,O,,,,
초코맛모찌,,,,,,,,,,,,,
듀듀듀바바바빵,,,,,,,,,,,,,
꼬마달덩이,민감성,여름쿨톤,O,O,,,,,,,,,
나는돌자의와이프,민감성,여름쿨톤,O,,,,,,O,,,,
개냥언니,,,,,,,,,,,,,
앙몬드록바,,,,,,,,,,,,,
이걸샀지뚜두뚜두,복합성,웜톤,,,,,,,O,O,,,
Freestyle45,,,,,,,,,,,,,
alsrud****,,,,,,,,,,,,,
내냄임,,,,,,,,,,,,,
룰리라리라,,,,,,,,,,,,,
예지욥,복합성,봄웜톤,,O,,,,,,,,,O
안지율,,,,,,,,,,,,,
dn****,,,,,,,,,,,,,
kyuhwan****,,,,,,,,,,,,,
승이슬,,,,,,,,,,,,,
kiki74****,,,,,,,,,,,,,
올영최고양,건성,여름쿨톤,,,,,,,,,,O,
망고미망곰,복합성,쿨톤,,,O,,,,,,,,
jion****,,,,,,,,,,,,,
chlthdml****,,,,,,,,,,,,,
phj****,,,,,,,,,,,,,
hohoho****,,,,,,,,,,,,,
후룰룰루루,,,,,,,,,,,,,
면진이지,건성,쿨톤,,O,,,,,,,,O,
잉댕응,민감성,웜톤,O,,O,,,,,,,,
헬로키티사랑녀,건성,웜톤,,,,,O,O,,,,,
gw****,,,,,,,,,,,,,
seira****,,,,,,,,,,,,,
k202203074****,트러블성,쿨톤,,,,,,,O,,,,O
Qbxlrjf,,,,,,,,,,,,,
jc****,지성,웜톤,,,,,,O,O,,,,
Jongsuchoi,,,,,,,,,,,,,
LYCo,,,,,,,,,,,,,
엔코,민감성,웜톤,O,,,,,,O,,,,
아리00,지성,쿨톤,,O,,,,,O,,,,
망고애플,지성,겨울쿨톤,,,,,O,,O,,,,
jaxhxx****,,,,,,,,,,,,,
whvely,복합성,웜톤,,,,,,O,O,,,,
송지숙,건성,쿨톤,,,,,,,,,O,O,
Livie,,,,,,,,,,,,,
세일러문가방,,,,,,,,,,,,,
민트초코파,민감성,쿨톤,O,,,,O,,,,,,
충분히예뻐,약건성,웜톤,,,,,,,,O,,,
세일조아,트러블성,가을웜톤,,,,,,,O,,,,O
에클레어,건성,봄웜톤,,,O,,,,,,,,
ddbbangs,복합성,봄웜톤,,,,,O,,O,,,,
A21,민감성,여름쿨톤,O,,,,,,,,,,O
하현달,건성,여름쿨톤,,,,,,,O,,,O,
튜디올리브,민감성,여름쿨톤,O,,,,O,,O,,,,
날아라슈퍼올영,복합성,웜톤,,,,,O,,O,,,,
용맹한다람쥐,민감성,겨울쿨톤,O,,O,,,,,,,,
올영업고튀어,민감성,여름쿨톤,O,,,,,,O,,,,
올영러버덕,민감성,쿨톤,O,,,,O,O,,,,,
쵸비냥,민감성,웜톤,O,,,,,,,,,,
몽몽이이,복합성,봄웜톤,,,,,,O,O,,,,
라벤더홀릭,건성,겨울쿨톤,,,,,,O,,,,,O
평온한하루,민감성,봄웜톤,O,,,,,,,,,O,
아이러브볶음밥,지성,웜톤,,O,,,,,,,,,
Haneulmotd,복합성,겨울쿨톤,,,,,O,O,,,,,
미니하트,민감성,봄웜톤,O,,,,,,,,,O,
량이니모,민감성,웜톤,O,,,,O,,,,,,
태양파물범,건성,여름쿨톤,,,,,,O,O,,,,
올리브뽀야,민감성,쿨톤,O,,,,,,O,,,,O
올영리뷰한줄평러,복합성,웜톤,,,,,O,,O,,,,
ddumany,민감성,웜톤,O,,,,,,O,,,,
덕팔,민감성,쿨톤,O,,,,,,,,,O,
Happ2y,민감성,웜톤,O,,,,,,O,,,,
이젼이,민감성,웜톤,O,,,,,,O,,,,
mini101,,,,,,,,,,,,,
맑리,지성,겨울쿨톤,,,O,,,,O,,,,
너굴리,건성,쿨톤,,,,,,,,O,,,
얌만두,민감성,여름쿨톤,O,,O,,,,O,,,,
Alliveholy,복합성,쿨톤,,,,,O,,O,,,,
라푼젤리,복합성,쿨톤,,,,,O,,O,,,,
pgh****,,,,,,,,,,,,,
lllli****,,,,,,,,,,,,,
injun****,,,,,,,,,,,,,
djs04****,,,,,,,,,,,,,
ses****,,,,,,,,,,,,,
lkj****,,,,,,,,,,,,,
Zi융,지성,가을웜톤,,,,,O,O,,,,,
Zi융,지성,가을웜톤,,,,,,O,O,,,,
yeNil,복합성,쿨톤,,,O,,,,,,,,
비햅삐,복합성,봄웜톤,,,,,,O,O,,,,
둔둔두둔,복합성,여름쿨톤,,,O,,,,,,,O,
행복해용,트러블성,가을웜톤,,,O,,O,,,,,,
simsim,건성,겨울쿨톤,,,,,O,,,,,O,
올영혜자,건성,웜톤,,,,,,,O,,,O,
굼쓰,복합성,여름쿨톤,,,,,,,O,,,,O
pastagajoa,복합성,여름쿨톤,,,,,,,O,,,,O
초특급미녀,민감성,쿨톤,O,,,,,,O,,,,
까오닝,민감성,쿨톤,O,,O,,,,,,,,
진두부다,,,,,,,,,,,,,
자신있써어어,민감성,봄웜톤,O,,,,,,O,,,,
저주인형ㅡ올리브,건성,쿨톤,,,,,,,,O,O,,
drdk0206,,,,,,,,,,,,,
생일축하해,민감성,봄웜톤,O,,,,,O,,,,O,
콩잉2,복합성,봄웜톤,,,,,O,O,,,,,
핑크다연,복합성,쿨톤,,,,,,,O,,,,O
씩씩한부엉이,복합성,봄웜톤,,,,,O,O,,,,,
사막의별,복합성,겨울쿨톤,,,,,,,O,,,,O
복합건성건성녀,복합성,쿨톤,,,,,O,,,,,,
밸링엄,,,,,,,,,,,,,
가나다래,,,,,,,,,,,,,
쿠바나,지성,,,O,O,,,,,,,,
glluck,민감성,쿨톤,O,,,,,,,,,O,
ramina****,지성,,,O,,,,O,,,,,
yhy****,,,,,,,,,,,,,
tjfals****,,,,,,,,,,,,,
zzoo****,,,,,,,,,,,,,
jwo****,,,,,,,,,,,,,
수낵,트러블성,여름쿨톤,,,O,,,,,,,,
금빛하늘,,,,,,,,,,,,,
아야어여오유우유으이,복합성,웜톤,,,,,,,O,,,,O
나너좋아하냥,,,,,,,,,,,,,
ppjh****,,,,,,,,,,,,,
qkrtjsfu****,,,,,,,,,,,,,
yund****,,,,,,,,,,,,,
leauken****,,,,,,,,,,,,,
윤꼬미,,,,,,,,,,,,,
피스타치오오,복합성,웜톤,,,,,O,,O,,,,
sahala****,,,,,,,,,,,,,
Zz,복합성,웜톤,,,,,,,O,,,,O
짱짱한쿵잔치,복합성,웜톤,,,,,O,,O,,,,
YoungLifee,민감성,웜톤,O,,,,,,O,,,,
또또잉z,지성,여름쿨톤,,,,,,,O,,,,
녜징,건성,웜톤,,,,,,,,,,,O
코기몽자,건성,,,,,,,,,,,,
뜨리야,건성,가을웜톤,,,,,,,,,,,
정그래,민감성,쿨톤,O,,O,,,,,,,,
지쥬니,복합성,여름쿨톤,,,,,,O,,,,,
sun3057****,,,,,,,,,,,,,
sss****,,,,,,,,,,,,,
hyn****,,,,,,,,,,,,,
nalss****,,,,,,,,,,,,,
sophia1****,,,,,,,,,,,,,
cindy****,,,,,,,,,,,,,
tt****,,,,,,,,,,,,,
방구링,,,,,,,,,,,,,
아기공룡르디,,,,,,,,,,,,,
DGHP,민감성,웜톤,O,,,,O,,O,,,,
뱅이,,,,,,,,,,,,,
luckygood,,,,,,,,,,,,,
안냥냥이,지성,여름쿨톤,,,,,O,,O,,,,
osmcm4****,,,,,,,,,,,,,
shj0****,,,,,,,,,,,,,
yannol****,,,,,,,,,,,,,
congn****,,,,,,,,,,,,,
lgseo****,,,,,,,,,,,,,
혀니02,건성,,,,,,O,O,,,,,
BUBBLELY,,,,,,,,,,,,,
Sarah,,,,,,,,,,,,,
긍rlo,복합성,쿨톤,,,,,,,,,,,
맴두,복합성,봄웜톤,,,,,O,,,,,,O
궁금한건못참아요,복합성,봄웜톤,,,,,O,,O,,,,
달보드레16,,,,,,,,,,,,,
빵먹고싶은사람,민감성,웜톤,O,O,,,,,O,,,,
룐사마,민감성,가을웜톤,O,,,,,,O,,,,
깐돌깐순,민감성,쿨톤,O,,,,,,,,,O,
여울,복합성,여름쿨톤,,O,,,,,O,,,,
올영방앗간맨날가,복합성,웜톤,,,,,O,O,,,,,
틴틴팅클,복합성,여름쿨톤,,O,,,,O,,,,,
볼빵빵춘식이,지성,웜톤,,,,,O,O,,,,,
볼빵빵춘식이,지성,웜톤,,,,,O,,O,,,,
케리아,지성,,,,,,O,O,,,,,
jonghoho,복합성,봄웜톤,,,,,O,,O,,,,
바니바니니,건성,쿨톤,,,,,,,,,,O,O
바니바니니,,,,,,,,,,,,,
jhj****,,,,,,,,,,,,,
피지파자,,,,,,,,,,,,,
갈리할리,건성,가을웜톤,,O,,,,,O,,,,
hielo,,,,,,,,,,,,,
eunseo07****,,,,,,,,,,,,,
베리유,,,,,,,,,,,,,
고리파덕,건성,웜톤,,,,,O,O,,,,,
jwj8****,,,,,,,,,,,,,
ekqls****,건성,웜톤,,O,,,,,O,,,,
비둡,건성,여름쿨톤,,,,,,,,,,O,
정만만,민감성,여름쿨톤,O,,,,,,O,,,,
월화,민감성,웜톤,O,,,,,,O,,,,
올영두둥,민감성,웜톤,O,,,,,,,,,,O
혜연,지성,웜톤,,,,,,,,,,O,O
잠시만여,,,,,,,,,,,,,
Jojoyan,복합성,봄웜톤,,,,,O,,O,,,,
Layla,복합성,여름쿨톤,,,,,,,O,O,,,
레몬얼그레이,건성,쿨톤,,,,,,,O,,,,O
인스타hyejinnim,복합성,봄웜톤,,,,,,,O,,,,O
쥉우,민감성,겨울쿨톤,O,,,,,,O,,,,
케잌차,건성,여름쿨톤,,,,,O,,,,,O,
디짱,복합성,여름쿨톤,,,,,,,O,,,,O
rads****,,,,,,,,,,,,,
럽메이즈,건성,여름쿨톤,,,,,,O,O,,,,
bellalee,민감성,웜톤,O,,,,O,,,,,,
pppa,민감성,웜톤,O,,,,,,,,,,
올영은통장을텅장으로,,,,,,,,,,,,,
그만사야지,,,,,,,,,,,,,
쏘댕이이,,,,,,,,,,,,,
gomb****,,,,,,,,,,,,,
앵두마루,민감성,쿨톤,O,,,,,,,,O,,
wwlor,,,,,,,,,,,,,
저햄맘인뎨여,복합성,웜톤,,,O,,,,,,,,
날마다연어,민감성,쿨톤,O,,,,,O,O,,,,
트루쓰,민감성,쿨톤,O,O,,,,,,,,,
lklk00,민감성,겨울쿨톤,O,O,,,,,,,,,
올리브영마니아,건성,쿨톤,,O,,,O,,,,,,
폼푸,민감성,쿨톤,O,,,,,,O,,,,
재짱이당,,,,,,,,,,,,,
로얄밀크티,복합성,웜톤,,,,,O,,O,,,,
오동통통내너구리,복합성,쿨톤,,,,,O,,,,,O,
Y0413,,,,,,,,,,,,,
메로오오옹,지성,,,,,,O,O,,,,,
초코c,지성,웜톤,,,O,,,,,,,,
마이래빗,,,,,,,,,,,,,
에리얼공주,트러블성,쿨톤,,,,,O,O,,,,,
imagining,민감성,쿨톤,O,,,,,,,,,O,
roseyoon,복합성,여름쿨톤,,,,,O,O,,,,,
초코c,복합성,가을웜톤,,,O,,,,,,,,
roseyoon,복합성,웜톤,,,,,O,O,,,,,
고양이조아조아,,,,,,,,,,,,,
hehehe,민감성,웜톤,O,,,,,,O,,,,
greyyy,복합성,쿨톤,,,,,,,,O,,O,
올리브영메이트진,민감성,쿨톤,O,,,,O,,,,,,
인생을즐겁게,민감성,웜톤,O,,,,,,O,,,,
로블록스중독,,,,,,,,,,,,,
김니니,복합성,여름쿨톤,,,,,,,O,,,,O
내놔요,민감성,쿨톤,O,,O,,,,,,,,
Simple,,,,,,,,,,,,,
무민이이,복합성,쿨톤,,,O,,,,,,,O,
고길동,복합성,쿨톤,,,,,O,,,,,,O
올리올리올리고당,민감성,웜톤,O,,,,,,O,,,,
Amyyy,건성,쿨톤,,,,O,,,,,,O,
온리뷰,민감성,웜톤,O,,,,,,O,,,,
Blessing,지성,웜톤,,,O,,,,O,,,,
써봐야알징,,,,,,,,,,,,,
닉쭈디,복합성,여름쿨톤,,,,,O,,O,,,,
feelslike,,,,,,,,,,,,,
BODDU,약건성,웜톤,,,O,,O,,,,,,
O3OY,복합성,웜톤,,O,,,,,O,,,,
냥이가죠앙,민감성,겨울쿨톤,O,,,,,,O,,,,
chuhij****,민감성,쿨톤,O,,,,,O,O,,,,
연실이,민감성,여름쿨톤,O,,,,O,,,,,,
레몬조각,복합성,여름쿨톤,,,,,,,O,,,,
한소나무,트러블성,여름쿨톤,,O,,,,,O,,,,
제가알아서살게여,복합성,쿨톤,,,O,,,,,,,,
Aimablee,복합성,웜톤,,,,,,,O,O,,,
칸쵸코,복합성,웜톤,,,,,O,O,,,,,
맹히,건성,겨울쿨톤,,,,,,O,O,,,,
ㅇㅇㄹㅎㅎ,,,,,,,,,,,,,
song2,트러블성,쿨톤,,,O,,,,O,,,,
ksk****,,,,,,,,,,,,,
프리세상,중성,웜톤,,,,,O,O,,,,,
Luckily,,,,,,,,,,,,,
리뚀,민감성,쿨톤,O,,,,,,,,,,
fn****,,,,,,,,,,,,,
wonjk****,,,,,,,,,,,,,
클배기,,,,,,,,,,,,,
하늘볼아,복합성,웜톤,,,,,,,,O,O,,
nakach****,,,,,,,,,,,,,
sun75****,,,,,,,,,,,,,
dkfha****,,,,,,,,,,,,,
콩빈이,복합성,웜톤,,,,,O,,O,,,,
d0****,,,,,,,,,,,,,
chwjd****,,,,,,,,,,,,,
gs****,,,,,,,,,,,,,
zzuk****,,,,,,,,,,,,,
jjk****,민감성,여름쿨톤,O,,,,O,,,,,,
wostar,,,,,,,,,,,,,
김서안,복합성,쿨톤,,,,,,O,,,,,O
이먀미,복합성,쿨톤,,,,,,,O,,,,O
luciam****,,,,,,,,,,,,,
영국여자,복합성,쿨톤,,,,,,O,,,,,
지윤우,,,,,,,,,,,,,
luceamclare,민감성,겨울쿨톤,O,,,,O,,O,,,,
일단솔직하게써봄,복합성,겨울쿨톤,,,,,O,,O,,,,
KKJ,민감성,웜톤,O,,O,,,,,,,,
산둥이,복합성,쿨톤,,,,,O,,O,,,,
코덕엔올리브영,건성,웜톤,,O,,,,O,,,,,
박영옥,복합성,웜톤,,,,,,,,,,O,
Dltpql00,건성,여름쿨톤,,,,,O,,O,,,,
ghk****,,,,,,,,,,,,,
godram****,,,,,,,,,,,,,
wjddk****,,,,,,,,,,,,,
hgo****,,,,,,,,,,,,,
tjgml****,,,,,,,,,,,,,
jimin****,,,,,,,,,,,,,
1l0O,,,,,,,,,,,,,
파캌,,,,,,,,,,,,,
ccom,복합성,,,,,,,,,,,,
사미요,건성,웜톤,,,,,,O,O,,,,
안단테스피아나토,약건성,웜톤,,,,,,O,O,,,,
uouu,건성,봄웜톤,,,,O,,,,,,,
줄리델링,복합성,가을웜톤,,,,,,,,,,,
민지맘2,복합성,웜톤,,,,,,,O,,,O,
부좌집며느리,트러블성,여름쿨톤,,,O,,,,O,,,,
abCdeFgH,민감성,여름쿨톤,O,,O,,,,,,,O,
yunji****,,,,,,,,,,,,,
99영,건성,쿨톤,,,,,,,O,,,,O
진가,복합성,쿨톤,,,,,,,O,,,O,
희눙이,민감성,가을웜톤,O,,O,,,,,,,,
얍요호요호,건성,겨울쿨톤,,,,,,,,,,,
sjaksdm****,,,,,,,,,,,,,
hhany****,,,,,,,,,,,,,
key0****,,,,,,,,,,,,,
영졔,,,,,,,,,,,,,
mais****,지성,여름쿨톤,,,,,,,,,,O,
뮴지,,,,,,,,,,,,,
가이다애들아,,,,,,,,,,,,,
쥬이야,,,,,,,,,,,,,
지ral호,복합성,봄웜톤,,O,,,,,,,,O,
s라이니,복합성,웜톤,,,,,,,O,,,,
comejuliet,건성,가을웜톤,,O,,,,,,,O,,
포즈커,민감성,겨울쿨톤,O,,,,,O,,,,,
닭희,건성,웜톤,,,O,,O,,,,,,
깝쭉이,민감성,쿨톤,O,,,,,,,,,O,
쑤니얌,,,,,,,,,,,,,
옐로우그린,,,,,,,,,,,,,
센트럴퍼크,민감성,여름쿨톤,O,,O,,,,,,,,
키치,트러블성,웜톤,,,O,,O,,,,,,
설이온냐,복합성,쿨톤,,,,,O,,O,,,,
리뷰쓰는고냥이,민감성,겨울쿨톤,O,,,,,,,,,O,
여드름아없어져라,건성,여름쿨톤,,,O,,,,,,,O,
생이공주,,,,,,,,,,,,,
여드름아없어져라,건성,봄웜톤,,,O,,,,,,,O,
하하하하하하하하하2,,,,,,,,,,,,,
띨엄마,,,,,,,,,,,,,
마크진심녀,,,,,,,,,,,,,
쌉가능7,민감성,웜톤,O,,O,,,,,,,,
seoyoo****,,,,,,,,,,,,,
이제는직장인,민감성,봄웜톤,O,O,,,,,,,,,
꺄향향,건성,,,,,,,,,,,,
haneul11****,복합성,쿨톤,,O,,,,,O,,,,
juliet1****,,,,,,,,,,,,,
ky****,,,,,,,,,,,,,
yanam****,,,,,,,,,,,,,
chm****,,,,,,,,,,,,,
lnm****,,,,,,,,,,,,,
흠흠이이잉,,,,,,,,,,,,,
호롤롤,복합성,웜톤,,,,,,,,,,,
오람ㅣ,건성,겨울쿨톤,,,,,,,,,O,O,
yeon07,복합성,웜톤,,,O,,,,,,,,
백퍼센트오렌지,복합성,웜톤,,,O,,,,O,,,,
어절씨구,,,,,,,,,,,,,
크크킄ㅋㅋ,지성,쿨톤,,,,,,,,O,O,,
운동치료실공주,건성,,,,,,,O,,,,,O
여쿨쏘쿨,지성,,,,,,,,,,,,
별이맘0901,복합성,쿨톤,,,,,,O,O,,,,
거지올영알바생,건성,쿨톤,,,,,,,,,,,
써니칩,건성,가을웜톤,,,,,,,,,,,
골든올리브를향하여,,,,,,,,,,,,,
나봉이,민감성,웜톤,O,,,,,O,,,,,
아이잉,민감성,웜톤,O,,,,,,O,,,,
꼬당연,건성,웜톤,,,,,O,O,,,,,
오늘도올영,복합성,웜톤,,O,,,,,O,,,,
bule0403****,,,,,,,,,,,,,
JJungjjung,,,,,,,,,,,,,
junnns,지성,웜톤,,,O,,,,,,,O,
린공쥬,건성,웜톤,,,,,,,O,,,,
체리맛딸기,민감성,쿨톤,O,,,,,,,,,,O
쏜,복합성,쿨톤,,,,,,,O,,,,O
마스크팩성애자,민감성,가을웜톤,O,,,,,O,,,,,O
혜,민감성,여름쿨톤,O,,,,,,,,,,O
jsc,복합성,웜톤,,,,,,O,,,,,
고구마맛탕맛있어용,복합성,여름쿨톤,,,,,,O,,,,,O
라즈베리봉봉,건성,봄웜톤,,,,,,,,O,O,,
유성원,약건성,쿨톤,,,,,,,,,,O,O
전젼젼,민감성,쿨톤,O,O,,,,,,,,,
ssuyeone,,,,,,,,,,,,,
daaaeunnn,,,,,,,,,,,,,
춘껄룩,복합성,쿨톤,,O,,,,,,,,O,
soevelys,,,,,,,,,,,,,
도터리퓨딩,복합성,웜톤,,,,,,,,,,,
양은지,,,,,,,,,,,,,
흐아앙ㅇ,복합성,봄웜톤,,,O,,,,,,,,
뽀용하밍,,,,,,,,,,,,,
찐찐리뷰어,건성,쿨톤,,,,,,,,,O,O,
쪼옹,복합성,봄웜톤,,,,,,,O,,,,O
또니토니,건성,쿨톤,,,,,,,,,,,O
0굥0,민감성,봄웜톤,O,,,,O,,,,,,
루피쨘,,,,,,,,,,,,,
플레,민감성,웜톤,O,,O,,,,,,,,
물동2,,,,,,,,,,,,,
에그토마토,,,,,,,,,,,,,
회색고영이,민감성,웜톤,O,,,,,,,,,,
룡이룡룡,,,,,,,,,,,,,
로,건성,쿨톤,,,,,,,,,,,
czxc,,,,,,,,,,,,,
황금막내,민감성,쿨톤,O,,,,,,,,,,O
tastes****,,,,,,,,,,,,,
ㅎㅎㅎㅎㅇㅇㅇㅇㅇ,복합성,여름쿨톤,,,O,,,,O,,,,
phy****,,,,,,,,,,,,,
장혜교,,,,,,,,,,,,,
DPdNdNjS,지성,봄웜톤,,O,,,,,O,,,,
다닷,,,,,,,,,,,,,
큐쿄,민감성,가을웜톤,O,,O,,,,,,,,
둘리아들돌리,복합성,쿨톤,,,,,O,,O,,,,
시작해보면된다,트러블성,,,,,,O,O,,,,,
silvverr,건성,여름쿨톤,,O,,,,O,,,,,
싱기방기,복합성,가을웜톤,,,O,,,,,,,,O
라이언9,,,,,,,,,,,,,
그게뭔데,지성,웜톤,,,,,,,O,,,,O
유나ㅏ,지성,가을웜톤,,,O,,,,O,,,,
귀여운강아지귀여워,건성,여름쿨톤,,,,,,,O,,,O,
wogm****,,,,,,,,,,,,,
leac****,,,,,,,,,,,,,
alsdus****,,,,,,,,,,,,,
msg****,,,,,,,,,,,,,
july****,,,,,,,,,,,,,
jury2****,,,,,,,,,,,,,
tlwkr****,,,,,,,,,,,,,
ABKHAA,지성,,,,,,O,,O,,,,
바냐비,복합성,여름쿨톤,,O,,,,,O,,,,
아르갈리아,,,,,,,,,,,,,
배홍동비빔몀,,,,,,,,,,,,,
gsd****,지성,봄웜톤,,,,,O,,O,,,,
PLFR,,,,,,,,,,,,,
ng****,,,,,,,,,,,,,
깨두콩,,,,,,,,,,,,,
엘리자베스1,,,,,,,,,,,,,
샤샤땅,,,,,,,,,,,,,
명쪽,,,,,,,,,,,,,
웈하하,,,,,,,,,,,,,
k202210101****,,,,,,,,,,,,,
kanghj07****,,,,,,,,,,,,,
초코도넛,지성,쿨톤,,O,,,,,O,,,,
상팔자,민감성,웜톤,O,,,,,O,,,,,
위잉위잉,,,,,,,,,,,,,
지쓰리,,,,,,,,,,,,,
쥰이몽,,,,,,,,,,,,,
qwerty11****,,,,,,,,,,,,,
냐냐누뭄,,,,,,,,,,,,,
424242,,,,,,,,,,,,,
Hiennie,,,,,,,,,,,,,
홈그라운드,,,,,,,,,,,,,
가가나라바,,,,,,,,,,,,,
기모띵,지성,겨울쿨톤,,,O,,,,O,,,,
스트로베리져아,민감성,여름쿨톤,O,,,,O,,,,,,
댕봉이,민감성,쿨톤,O,,,,O,,O,,,,
영앤코덕,건성,여름쿨톤,,,,,,O,O,,,,
땅뿌치,건성,여름쿨톤,,O,,,,O,,,,,
해맑다,민감성,가을웜톤,O,,,,,O,,,,,
날견뎌,지성,여름쿨톤,,,,,,,O,,,,O
Woohut,트러블성,겨울쿨톤,,,,,,,O,,,,O
쭈야25,건성,쿨톤,,O,,,,,,,,O,
짱다,지성,봄웜톤,,O,,,,,O,,,,
ichig5,,,,,,,,,,,,,
링룽,민감성,쿨톤,O,O,,,,,,,,,
올영무민,트러블성,쿨톤,,,O,,,,,,,,
새나79,건성,,,,,,,O,,,,,O
뷰티화진,,,,,,,,,,,,,
올리뷰앙,건성,가을웜톤,,O,,,,,O,,,,
mi야,트러블성,,,,,,O,,O,,,,
한봄,건성,여름쿨톤,,,,,,,O,,,,O
민정쨩,복합성,여름쿨톤,,O,,,O,,,,,,
softiee,민감성,봄웜톤,O,,,O,,,,,,,
김빵순,민감성,쿨톤,O,,,,,,O,,,,
yiy****,,,,,,,,,,,,,
안농이,,,,,,,,,,,,,
aria****,,,,,,,,,,,,,
ykl****,,,,,,,,,,,,,
수분팡팡,민감성,여름쿨톤,O,,,,,,,,,O,
랄라트랄라랄라트랄라,건성,쿨톤,,,,,,,,,,,
땅콩이모,민감성,쿨톤,O,,,,,,O,,,,
인천소년,복합성,웜톤,,,,,,,O,,,,O
siroiuky****,,,,,,,,,,,,,
bn****,,,,,,,,,,,,,
울집공쥬,,,,,,,,,,,,,
건빵에별사탕,복합성,웜톤,,,,,,,O,,,O,
랑이는요,복합성,웜톤,,,,,,,O,,,,O
리치걸,지성,여름쿨톤,,,,,,,O,,,,O
원조호박고구마,민감성,쿨톤,O,,O,,,,,,,,
이또동,지성,봄웜톤,,,,,O,,O,,,,
미숭이,건성,웜톤,,,,,,,O,,O,,
MZIIN,민감성,여름쿨톤,O,,,,,,O,,,,
짠짜라짠,,,,,,,,,,,,,
무뚝뚝고구마,,,,,,,,,,,,,
날마다,트러블성,여름쿨톤,,,O,,,O,,,,,
yunyuil,,,,,,,,,,,,,
ghdi****,민감성,여름쿨톤,O,,,,O,O,,,,,
zzhang****,,,,,,,,,,,,,
ns****,,,,,,,,,,,,,
danbi****,,,,,,,,,,,,,
zilch****,,,,,,,,,,,,,
whtkdq****,,,,,,,,,,,,,
jijid****,,,,,,,,,,,,,
뿌뿌뿌하,건성,가을웜톤,,,,,O,O,,,,,
wlrk****,,,,,,,,,,,,,
jyelimo3o,,,,,,,,,,,,,
jbk****,,,,,,,,,,,,,
루루7,지성,가을웜톤,,O,,,,,,,,,
Summercool,복합성,쿨톤,,O,,,,,O,,,,
숀숀,민감성,여름쿨톤,O,,,,O,,O,,,,
올리브영은위험해,민감성,쿨톤,O,,,,,,,,O,,
돠니이,민감성,겨울쿨톤,O,,,,,,,,,O,
여빙빙,민감성,봄웜톤,O,,,,,,O,,,,
바나나챠챠,지성,쿨톤,,,,,O,,O,,,,
안눙,복합성,웜톤,,,,,O,,,,,,O
머핀이,민감성,여름쿨톤,O,,,,,,O,,,,
luca****,,,,,,,,,,,,,
ire****,,,,,,,,,,,,,
젼져니젼,민감성,여름쿨톤,O,,,,,,O,,,,
나요나,,,,,,,,,,,,,
rosseee,민감성,웜톤,O,,O,,,,,,,,
응녜콩,지성,봄웜톤,,,,,,O,O,,,,
seol06****,,,,,,,,,,,,,
k202405180****,지성,여름쿨톤,,,O,,,,,,,,
woo****,,,,,,,,,,,,,
진심으로,,,,,,,,,,,,,
엥웅,,,,,,,,,,,,,
조슈아,복합성,웜톤,,,O,,,,,,,,
ㅇㄹㅇㅌ,복합성,여름쿨톤,,O,O,,,,,,,,
슌이이,민감성,쿨톤,O,,,,,,O,,,,
떠녕공쥬,민감성,여름쿨톤,O,O,,,,,,,,,
무미니,건성,가을웜톤,,O,,,,,,,,,O
횬님,복합성,봄웜톤,,,,,,,O,,O,,
굼미굼미,민감성,웜톤,O,,,,O,,O,,,,
gn4343,복합성,봄웜톤,,,,,O,,O,,,,
dearra,,,,,,,,,,,,,
보라톤,복합성,쿨톤,,,,,O,O,,,,,
룜,건성,웜톤,,,,,,O,O,,,,
빰뽬2,,,,,,,,,,,,,
태쁘,민감성,쿨톤,O,,,,,,O,,,,
YUKIME,트러블성,여름쿨톤,,,,,,,,,O,,
용용이누나,복합성,쿨톤,,,,,O,,O,,,,
헥토르,건성,봄웜톤,,,O,,,,,,,,
크르으응,복합성,가을웜톤,,,,,O,,,,,,O
색조조아,복합성,봄웜톤,,,,,O,,O,,,,
뿌꾸팡,민감성,쿨톤,O,,,,,O,O,,,,
퓨리리리,민감성,여름쿨톤,O,,,,,,,,,,O
나비나,민감성,쿨톤,O,O,,,,,O,,,,
여드름소녀,트러블성,쿨톤,,,,,O,,O,,,,
예진아씨1,트러블성,웜톤,,,,,,,O,,,O,
우항항,지성,여름쿨톤,,,,,O,,O,,,,
봉봉이7,복합성,쿨톤,,O,,,,,O,,,,
보니본본,,,,,,,,,,,,,
주구치,건성,겨울쿨톤,,,,,,,O,,,,O
아토앤데이지,,,,,,,,,,,,,
애옹리브,민감성,웜톤,O,,,,O,,,,,,
제이퍼,복합성,웜톤,,,,,,,,O,O,,
n1juus,건성,가을웜톤,,,,,O,O,,,,,
wasabirara,,,,,,,,,,,,,
뜌뺘,,,,,,,,,,,,,
윤s,,,,,,,,,,,,,
고민하지마,복합성,,,,,,,,,,O,,O
l이지l,,,,,,,,,,,,,
감자또리ㅣ,,,,,,,,,,,,,
잠인,,,,,,,,,,,,,
신혜수,,,,,,,,,,,,,
디니딘,복합성,봄웜톤,,,,,,,,,,,
조승연아내,복합성,가을웜톤,,,,,,,,,,,
jjina,,,,,,,,,,,,,
o940****,,,,,,,,,,,,,
nnnnnnnnnnnnnn,,,,,,,,,,,,,
Ruby,지성,웜톤,,,O,,,,O,,,,
hs****,,,,,,,,,,,,,
wy****,,,,,,,,,,,,,
sk****,,,,,,,,,,,,,
bs****,,,,,,,,,,,,,
skfk****,,,,,,,,,,,,,
zlat****,,,,,,,,,,,,,
빵빠라빵,민감성,여름쿨톤,O,,,,,,O,,,,
쫄쫄이는너무쫄쫄해,,,,,,,,,,,,,
튼튼쓰,민감성,여름쿨톤,O,,,,,,O,,,,
아이러브유우,트러블성,여름쿨톤,,,O,,,,,,,O,
쥬주빈,,,,,,,,,,,,,
히헤,건성,겨울쿨톤,,,,,,,O,,,O,
스ㅌlㅋl,건성,웜톤,,,,,,,O,,,O,
jyoon****,,,,,,,,,,,,,
junghye****,,,,,,,,,,,,,
에레즈,,,,,,,,,,,,,
김더워,약건성,여름쿨톤,,,,,,,O,,,,O
pjs****,지성,쿨톤,,O,,,,,,,,O,
ephs2023,복합성,쿨톤,,,,,O,,O,,,,
drama****,건성,,,,,,,,,,O,,O
dhsdblo****,민감성,쿨톤,O,,,,,O,,,,,
밍꽁이,,,,,,,,,,,,,
라라12,,,,,,,,,,,,,
우라라라라라라라라,복합성,가을웜톤,,,,,O,O,,,,,
rkdms****,민감성,봄웜톤,O,,,,,O,,,,,
챙이챙이올,민감성,봄웜톤,O,,,,,,O,,,,
빵먹고싶은사람,민감성,웜톤,O,,O,,,,O,,,,
살랑이,복합성,쿨톤,,,,,,,O,,,O,
라이까까,민감성,웜톤,O,,,,,,,,,,O
얌만두,민감성,봄웜톤,O,,O,,,,O,,,,
봄로로,복합성,봄웜톤,,,,,O,,O,,,,
czxc,민감성,웜톤,O,O,,,,,,,,,
골드올챙이24,민감성,쿨톤,O,,,O,,,,,,,
kv****,,,,,,,,,,,,,
hr****,,,,,,,,,,,,,
암해피쏘,,,,,,,,,,,,,
문쉰,복합성,쿨톤,,,,,,,O,,,,O
주먹밥쿵,지성,웜톤,,,,,O,O,,,,,
limer****,민감성,쿨톤,O,,,,,,O,,,,
뚜시뚜,민감성,웜톤,O,,,,,O,O,,,,
빵빠라빵,트러블성,웜톤,,,O,,,,O,,,,
라미,민감성,쿨톤,O,,,,,,,,,O,
iamjulie,건성,여름쿨톤,,,,,,,,,,O,
츄츄츄츄츄,,,,,,,,,,,,,
Applepie,민감성,쿨톤,O,,,,O,,,,,,O
리뷰대마왕,약건성,웜톤,,,,,,,O,,O,,
Anniee,복합성,웜톤,,,,,O,O,,,,,
별자리,,,,,,,,,,,,,
꽁딩이,민감성,봄웜톤,O,,,,,,O,,,,
톤파괴그잡채,,,,,,,,,,,,,
밀미밀미,,,,,,,,,,,,,
바냥이,건성,웜톤,,,,,,,,,O,,O
Chokchok,민감성,쿨톤,O,,,,O,,,,,,
lklk00,민감성,웜톤,O,,,,,,O,,,,
햄포동이,,,,,,,,,,,,,
아이스,건성,웜톤,,,,,,,,O,,O,
여쿨라올영,,,,,,,,,,,,,
미파,복합성,여름쿨톤,,O,,,,O,,,,,
boembeom,,,,,,,,,,,,,
블랙홀,민감성,쿨톤,O,,,,,,,,,,O
온리,복합성,겨울쿨톤,,O,,,,,O,,,,
소소소소,건성,웜톤,,,,,,O,O,,,,
A21,민감성,쿨톤,O,,,,,,,,,,O
태태비,,,,,,,,,,,,,
박수박슈,건성,여름쿨톤,,O,,,,,O,,,,
Waage,,,,,,,,,,,,,
폴라리스푸우,건성,쿨톤,,,,,,,O,,,,O
올영덕,복합성,쿨톤,,,,,,,O,,,,O
책사냥꾼,복합성,웜톤,,,,,,,O,,,O,
shar****,,,,,,,,,,,,,
예민보쓰,민감성,웜톤,O,,,,,,O,,,,
잉꿐,지성,쿨톤,,O,,,,O,,,,,
너왜문을황현희,민감성,쿨톤,O,,,,,,O,,,,
바보코리,복합성,쿨톤,,,,,O,,O,,,,
sihomom,민감성,쿨톤,O,,,,,,,,,,
Kevinkoo,지성,쿨톤,,,O,,,,,,,,
rlatnwjd528,건성,봄웜톤,,,,,,,,,O,O,
퓨어리,건성,웜톤,,,,,,,,O,,,O
유진222,민감성,쿨톤,O,,,,,,O,,,,
mjjj7760,,,,,,,,,,,,,
호옹잌,,,,,,,,,,,,,
냥냥옹,,,,,,,,,,,,,
go운피부로,,,,,,,,,,,,,
임뚱땡,민감성,웜톤,O,,,,,,O,,,,O
sssun2,,,,,,,,,,,,,
슈비루밥,지성,,,O,,,,,O,,,,
황낭랑,,,,,,,,,,,,,
세윤Seyoon,민감성,여름쿨톤,O,,,,,,,,,,
WallE,복합성,웜톤,,,,,,,O,,,,O
응애나애기,,,,,,,,,,,,,
냐옹냐옹야옹이,지성,쿨톤,,O,,,,,O,,,,
표도,건성,웜톤,,,,,,,,,,,
제라듀,,,,,,,,,,,,,
꾼밤고구마,복합성,가을웜톤,,,,,,,O,,,,O
ksy09****,복합성,,,,,,,,,,,,
밈미미미밈,복합성,여름쿨톤,,,,,,,O,,,,O
윤윤뜨,건성,웜톤,,,,,,,,O,,O,
GAAAAA,민감성,봄웜톤,O,,,,,,O,,,,
율ㄹ,복합성,가을웜톤,,O,,,,O,,,,,
020205,건성,여름쿨톤,,O,,,,O,,,,,
by****,,,,,,,,,,,,,
ckjin****,,,,,,,,,,,,,
daisuki1031,복합성,쿨톤,,,,,,,O,,,,O
eulvgi****,,,,,,,,,,,,,
황철용메이트,,,,,,,,,,,,,
히로코,,,,,,,,,,,,,
twinyeon2,지성,웜톤,,,,,O,,O,,,,
카드값줘체리,지성,가을웜톤,,,,,,,,,,O,O
물먹는해마,,,,,,,,,,,,,
인유리아,,,,,,,,,,,,,
deftox7,건성,가을웜톤,,O,,,,,O,,,,
vale****,,,,,,,,,,,,,
jiyo****,민감성,봄웜톤,O,,O,,,,,,,,
k202204079****,,,,,,,,,,,,,
건우정우,민감성,여름쿨톤,O,,,,,,,,,,O
ekq****,,,,,,,,,,,,,
SEHWAA,,,,,,,,,,,,,
앙큼폭스핫걸,트러블성,봄웜톤,,O,,,,,,,,O,
병아린세훈,지성,여름쿨톤,,,,,O,O,,,,,
hyeonn****,,,,,,,,,,,,,
ings****,,,,,,,,,,,,,
15****,,,,,,,,,,,,,
tngml****,,,,,,,,,,,,,
신동이,복합성,,,O,,,,,,,,,
tma****,민감성,쿨톤,O,,,,,O,,,,,
zlzl쭝,,,,,,,,,,,,,
고양이쭈와,,,,,,,,,,,,,
민감성피부123456,,,,,,,,,,,,,
재하요,민감성,쿨톤,O,,O,,,,,,,,
말랑곰돌,민감성,웜톤,O,,,,,,O,,,,
꿈리브,,,,,,,,,,,,,
우유유우,민감성,여름쿨톤,O,,,,,,,,,,
올리브영단골손님,약건성,봄웜톤,,O,,,,,O,,,,
꽃길걸을크리,복합성,겨울쿨톤,,,O,,,,,,,,
리체,지성,쿨톤,,,,,O,,O,,,,
lb****,,,,,,,,,,,,,
rcas****,,,,,,,,,,,,,
alsgml****,,,,,,,,,,,,,
sgh****,,,,,,,,,,,,,
됴됴새,복합성,가을웜톤,,,,,,O,O,,,,
뽀또다,민감성,,O,,,,,,O,,,,
박춘베,지성,,,,,,,,,,,,
yeju1004,,,,,,,,,,,,,
고조죠,,,,,,,,,,,,,
재롱사랑,지성,웜톤,,,O,,,,O,,,,
제린푸,건성,여름쿨톤,,,,,O,,O,,,,
칙칙,지성,여름쿨톤,,,,,O,,O,,,,
몽글뚜,복합성,여름쿨톤,,,,,,,,,,,
윤차코,복합성,쿨톤,,,,,O,O,,,,,
난난누,복합성,쿨톤,,,,,O,,,,,,O
shift66,민감성,가을웜톤,O,,,,,,O,,,,
gioi****,,,,,,,,,,,,,
dhdustj****,,,,,,,,,,,,,
coco****,,,,,,,,,,,,,
건조해엄청나,건성,봄웜톤,,O,,,,,O,,,,
thelo****,,,,,,,,,,,,,
leebada,,,,,,,,,,,,,
짱찡이,복합성,웜톤,,O,,,,,O,,,,
비니빙빙,건성,여름쿨톤,,O,,,,,O,,,,
메로오옹3,복합성,봄웜톤,,,,,,,O,,,,O
코덕밍,민감성,여름쿨톤,O,,,,O,,,,,,
abc****,,,,,,,,,,,,,
Gc기찬,,,,,,,,,,,,,
lunati****,복합성,가을웜톤,,,,,O,,O,,,,
cream****,민감성,쿨톤,O,,,,,,,,,,
wi08****,지성,봄웜톤,,,O,,,,,,,,O
국머,복합성,가을웜톤,,,O,,,,,,,,O
극복,지성,여름쿨톤,,,,,,,O,,O,,
충동구매니니즈,복합성,여름쿨톤,,,,,,,O,,,O,
하오미노,,,,,,,,,,,,,
oldyoung,복합성,봄웜톤,,,,,,O,,,,,O
늉대걍,건성,여름쿨톤,,,,,,O,O,,,,
고앵님,,,,,,,,,,,,,
llllillll,민감성,여름쿨톤,O,,,,O,,O,,,,
아임도토리,민감성,쿨톤,O,,,,O,,,,,,
스빈카페파,건성,쿨톤,,,O,,,,,,,,
SuperClass,,,,,,,,,,,,,
달달꿈,,,,,,,,,,,,,
nan****,,,,,,,,,,,,,
dkstnqls,,,,,,,,,,,,,
kbg****,민감성,가을웜톤,O,,,,,O,,,,,
pjh7****,,,,,,,,,,,,,
여쿨라17,중성,여름쿨톤,,O,,,,,,,,,
밍잉밍,복합성,여름쿨톤,,,,,,O,O,,,,
blask****,,,,,,,,,,,,,
효3,건성,봄웜톤,,,,,,,O,,O,,
kimjs****,민감성,쿨톤,O,,,,,O,,,,,O
neob****,,,,,,,,,,,,,
커피러버,건성,여름쿨톤,,,,,O,,O,,,,
루냥,건성,웜톤,,,,,,,,,,,
남천동불주먹,복합성,봄웜톤,,,,,,,,O,,,
덕기,,,,,,,,,,,,,
커피매니아,민감성,봄웜톤,O,,,,O,O,,,,,
망고스틱,복합성,웜톤,,,,,O,,O,,,,
카밀리아,,,,,,,,,,,,,
ddj****,,,,,,,,,,,,,
상암동김대리,건성,쿨톤,,,,,,,O,,,,O
꾸르룩,민감성,웜톤,O,O,,,,,,,,,
mj0****,,,,,,,,,,,,,
창가에햇살,민감성,겨울쿨톤,O,,,,,O,,,,,
올령내령,복합성,쿨톤,,O,,,,,O,,,,
쥬히노트,지성,쿨톤,,,,,,,O,,,,O
hoii,민감성,웜톤,O,,,,,,,,,O,
플로우플로우,복합성,웜톤,,,,,,O,O,,,,
은재하리맘,,,,,,,,,,,,,
ragdollbeautie,건성,겨울쿨톤,,,,,,O,O,,,,
어흥하는호랑이,중성,봄웜톤,,,,,,,O,,,,O
Chay,민감성,여름쿨톤,O,O,,,,,,,,,
dldls****,,,,,,,,,,,,,
ngan3****,,,,,,,,,,,,,
k202112065****,,,,,,,,,,,,,
je0****,,,,,,,,,,,,,
ojor****,,,,,,,,,,,,,
k202305128****,,,,,,,,,,,,,
개리래깃,,,,,,,,,,,,,
나익히,복합성,가을웜톤,,,,,O,O,,,,,
복합성17호여쿨라,민감성,여름쿨톤,O,,,,,O,O,,,,
룰류루류루룰,복합성,쿨톤,,,O,,O,,,,,,
미리내1,복합성,봄웜톤,,O,,,,,O,,,,
99코리리,,,,,,,,,,,,,
이쁘면다야님,,,,,,,,,,,,,
감자인생,복합성,웜톤,,O,,,,,,,,,O
미쥬,민감성,겨울쿨톤,O,,,O,,,,,,,O
제이엘,건성,쿨톤,,,,,,,O,,,,O
수즈sooz,,,,,,,,,,,,,
뽀용뽀용뽀용,건성,쿨톤,,,,,,,O,,,,O
송지둥,복합성,여름쿨톤,,,,,,,O,,,,O
민두씨,,,,,,,,,,,,,
전시장가는토깽,복합성,웜톤,,,,,O,,O,,,,
올영가자12,복합성,웜톤,,,O,,,,,,,O,
양다리,,,,,,,,,,,,,
이향희,,,,,,,,,,,,,
sosorizztime,건성,가을웜톤,,,,,,,,,,,
코덕덩어리,,,,,,,,,,,,,
올리러브,건성,쿨톤,,,,,,,,,,,
웬디블루,복합성,웜톤,,,,,,,,,,O,O
SOLE,건성,웜톤,,,,,,,,,,O,O
쿨톤올챙이,복합성,여름쿨톤,,,,,,O,O,,,,
르니엘,,,,,,,,,,,,,
제비아,건성,쿨톤,,,,,O,,,,,,O
해피스마일맘,건성,가을웜톤,,,,,,,,,O,,O
여우린,민감성,여름쿨톤,O,,,,,,O,,,,
꼬집사,민감성,웜톤,O,,,,,,,,,O,
JangJH,민감성,봄웜톤,O,,,,,,,,,O,
밝은피부쩡이,복합성,겨울쿨톤,,,,,,,O,,,,O
Kenn,건성,여름쿨톤,,,,,,O,O,,,,
랑젤,복합성,여름쿨톤,,,,,,,,O,O,,
배디리,복합성,쿨톤,,,,,,,O,,,,O
수만이네꽃밭,민감성,쿨톤,O,,,,,,,,,,O
dmswlsla7,민감성,가을웜톤,O,,,,O,,O,,,,
꿀광,복합성,여름쿨톤,,,,,,,O,,,,O
쥬12,민감성,여름쿨톤,O,,,,,O,,,,,
방탄바라기,복합성,쿨톤,,,,,O,O,,,,,
roeneee,민감성,쿨톤,O,,,,,,,,,,O
윤요리,약건성,웜톤,,O,,,,,O,,,,
sge****,,,,,,,,,,,,,
로루리,복합성,봄웜톤,,,,,O,O,,,,,
라플랄라,,,,,,,,,,,,,
so28,지성,,,,,,,,,,,,
thuthu,,,,,,,,,,,,,
siloo****,,,,,,,,,,,,,
브라우니,,,,,,,,,,,,,
오리무행,민감성,여름쿨톤,O,,,,O,O,,,,,
euny****,,,,,,,,,,,,,
yoona****,,,,,,,,,,,,,
choisy****,,,,,,,,,,,,,
nancyl****,,,,,,,,,,,,,
gendr****,,,,,,,,,,,,,
이익이잇,민감성,겨울쿨톤,O,,,,,O,O,,,,
뿡이뽕,지성,가을웜톤,,,,,,O,,,O,,
히흫히흫,민감성,웜톤,O,,,,,,,,,,
bii****,,,,,,,,,,,,,
dustmq****,,,,,,,,,,,,,
유화77,,,,,,,,,,,,,
코덕슈,지성,쿨톤,,,,,,O,O,,,,
무미인,지성,웜톤,,,,,O,,O,,,,
프루루루,,,,,,,,,,,,,
123ekdn****,,,,,,,,,,,,,
de****,,,,,,,,,,,,,
istar****,,,,,,,,,,,,,
connie****,,,,,,,,,,,,,
ark****,,,,,,,,,,,,,
luxingga****,,,,,,,,,,,,,
yj****,,,,,,,,,,,,,
luy****,,,,,,,,,,,,,
쀼쭈,,,,,,,,,,,,,
보르미쥬아,복합성,쿨톤,,,,,,,,,O,,
ou오월,중성,봄웜톤,,O,,,,,,,,,O
명와,,,,,,,,,,,,,
연가희,민감성,여름쿨톤,O,,,,,,,,,,
녹차맛찰떡아이스,민감성,웜톤,O,O,,,,,,,,,
예뷰리,,,,,,,,,,,,,
김연둥,복합성,웜톤,,,,,,,O,,,,O
gyeong,,,,,,,,,,,,,
tjswjdr****,건성,쿨톤,,,,,,,,O,,,
evakim****,복합성,쿨톤,,,,,O,,,,,,O
진화,복합성,겨울쿨톤,,,O,,,O,,,,,
하핳핳,,,,,,,,,,,,,
heegell,민감성,쿨톤,O,,,,,,,,,O,
또띵,복합성,여름쿨톤,,,,,,O,O,,,,
붕어n래굴,,,,,,,,,,,,,
Jessiblessyou,,,,,,,,,,,,,
똥잉,건성,쿨톤,,,,,O,,,O,,,
올영득템,복합성,웜톤,,,,,,,O,,,O,
코랄,복합성,웜톤,,,,,,,,O,O,,
tulip,민감성,웜톤,O,,,,,,O,,,,
으라차차,민감성,쿨톤,O,,,,,,O,,,,
Jenny17,민감성,봄웜톤,O,,,,,,,,,O,
플쑈,,,,,,,,,,,,,
Seonii,민감성,쿨톤,O,,,,,,O,,,,
츄베룝,민감성,웜톤,O,,,,,,O,,,,
후츄춧,복합성,웜톤,,O,,,,,O,,,,
djawjdt****,,,,,,,,,,,,,
yhsun****,,,,,,,,,,,,,
gmlwj****,,,,,,,,,,,,,
myle****,,,,,,,,,,,,,
wldl****,,,,,,,,,,,,,
핑핑팡,민감성,,O,,O,,,,,,,,
뽀야올리브,건성,쿨톤,,,,,O,,O,,,,
히히홍,,,,,,,,,,,,,
임성혜,,,,,,,,,,,,,
코덕이취미,민감성,쿨톤,O,,,,,,O,,,,
다이아는웜톤girl,,,,,,,,,,,,,
bawp88,,,,,,,,,,,,,
동동동혀니,,,,,,,,,,,,,
gydms****,,,,,,,,,,,,,
부처핸섬,복합성,가을웜톤,,,,,,O,O,,,,
군만두헌터,,,,,,,,,,,,,
byul,복합성,웜톤,,O,,,,O,,,,,
nooyy,건성,여름쿨톤,,,,,,O,,,,,O
헤이에뿔,,,,,,,,,,,,,
온돌멩,중성,여름쿨톤,,O,,,,,O,,,,
플레인요구르트,약건성,쿨톤,,,,,,,,,O,O,
염둥,건성,가을웜톤,,,,,,,,,,,
정지앙기모띠,,,,,,,,,,,,,
얼리브용용,복합성,여름쿨톤,,,,,O,,O,,,,
네코데수,건성,가을웜톤,,,,,,O,,O,,,
timing,,,,,,,,,,,,,
wls3****,,,,,,,,,,,,,
yoo****,,,,,,,,,,,,,
나는공주인가십주인가,복합성,,,,,,,,O,,,,O
ejgukhee****,,,,,,,,,,,,,
혜정20,,,,,,,,,,,,,
솔직하게후기씀,,,,,,,,,,,,,
도쿄무스메,민감성,웜톤,O,,,,,,,,,,
마리안네,건성,봄웜톤,,,,,,O,,,,O,
냥냥펀츼,복합성,쿨톤,,,,,O,,O,,,,
오동통통I,건성,웜톤,,,,,,,O,,,O,
박서철,건성,가을웜톤,,,,,O,,O,,,,
쿼카칭구,복합성,쿨톤,,O,,,,O,,,,,
올리부엉,복합성,웜톤,,O,,,,,O,,,,
sususu,민감성,쿨톤,O,,,,,,O,,,,
yjy****,,,,,,,,,,,,,
kky****,복합성,웜톤,,,,,O,,O,,,,
호노보노,,,,,,,,,,,,,
BloomingJ,,,,,,,,,,,,,
wmf0****,,겨울쿨톤,,,,,,,O,,,O,
Voicemail,복합성,여름쿨톤,,O,,,,O,,,,,
사이시옷,복합성,웜톤,,,,,,,O,,,,O
꽉꽉잉,지성,여름쿨톤,,,,,,O,O,,,,
예동이,민감성,웜톤,O,,,,O,,,,,,
올리브영중독ㅈr,중성,웜톤,,,,,O,,O,,,,
사월이요,건성,웜톤,,,,,O,,O,,,,
마법의소라고동,지성,봄웜톤,,,,,,,O,,,,O
러블토끼,복합성,쿨톤,,,,,,,,,,,O
찌니81,,,,,,,,,,,,,
홍구링,복합성,겨울쿨톤,,,,,O,,O,,,,
올리브영탑리뷰어,복합성,웜톤,,,,,O,,O,,,,
포커페이스,복합성,웜톤,,,,,,,,O,,O,
신중한올리브,복합성,봄웜톤,,,,,O,,O,,,,
용명공주,건성,봄웜톤,,,,,,,O,,,O,
꼬마,복합성,봄웜톤,,,,,O,,,,,,O
마짱이,복합성,여름쿨톤,,,,,O,,O,,,,
fbwndu****,,,,,,,,,,,,,
dk****,,,,,,,,,,,,,
rlehgk****,,,,,,,,,,,,,
mashymar****,,,,,,,,,,,,,
온천손칼국수,민감성,겨울쿨톤,O,,,,O,O,,,,,
북산고강백호,복합성,웜톤,,,,,,,O,,O,,
jio11,지성,웜톤,,,,,O,,O,,,,
매애ㅇ구,민감성,봄웜톤,O,,,,,,,,,,
댕스,,,,,,,,,,,,,
김유담,,,,,,,,,,,,,
모크비,민감성,여름쿨톤,O,O,,,,,,,,,
하야안구름,트러블성,겨울쿨톤,,,O,,,,,,,,
온의,지성,,,,,,O,,O,,,,
치킨나라,,,,,,,,,,,,,
허지은,복합성,가을웜톤,,,O,,,,,,,O,
wlaapswhd,민감성,가을웜톤,O,O,,,,,,,,,
펭돌이하,민감성,쿨톤,O,,,,O,,,,,,
pledi****,복합성,쿨톤,,,,,,O,O,,,,
qqoqz3,복합성,쿨톤,,O,,,,,O,,,,
이런또사버렸네,복합성,겨울쿨톤,,,,,O,,O,,,,
지지미이지미미,민감성,여름쿨톤,O,,,,,,,,,,
XS,민감성,쿨톤,O,,,,,,O,,,,
0굥0,민감성,봄웜톤,O,,,,O,,O,,,,
tmfl****,,,,,,,,,,,,,
dudtlstl,,,,,,,,,,,,,
Quka,,,,,,,,,,,,,
님넴임음임렴햄줌셈욤,복합성,웜톤,,,,,O,,O,,,,
따봉성주,,,,,,,,,,,,,
eunsun****,,,,,,,,,,,,,
seoyeon****,,,,,,,,,,,,,
tlsck****,,,,,,,,,,,,,
20jaeh****,,,,,,,,,,,,,
did****,,,,,,,,,,,,,
qs****,,,,,,,,,,,,,
배아파둘리,,,,,,,,,,,,,
kimky****,,,,,,,,,,,,,
zihy****,,,,,,,,,,,,,
knayou****,,,,,,,,,,,,,
이름모할까유,민감성,쿨톤,O,,,,,,,,,O,
잉냥엥냥,복합성,쿨톤,,,,,O,,O,,,,
용용94,지성,겨울쿨톤,,,,,,O,O,,,,
teatime,복합성,여름쿨톤,,,,,O,O,,,,,
Capucine,민감성,쿨톤,O,,,,O,,O,,,,
아가새,지성,웜톤,,O,,,,,O,,,,
크롬멘탈,민감성,웜톤,O,,,,,,,,O,,
westco****,,,,,,,,,,,,,
whdal****,,,,,,,,,,,,,
구올영알바생입니둥,민감성,쿨톤,O,,,,,,,,,,O
속빈만두,,,,,,,,,,,,,
당근2017,복합성,웜톤,,,,,,O,O,,,,
두릅두릅,,,,,,,,,,,,,
LEMONS,,,,,,,,,,,,,
깨물이,복합성,여름쿨톤,,,,,,O,,,,,O
플럼바고,민감성,,O,,,,,O,O,,,,
귀염둥이모카,복합성,가을웜톤,,,,,O,O,,,,,
Gabrielle,,,,,,,,,,,,,
달곰살곰,복합성,웜톤,,,,,O,O,,,,,
그래도어떡해해야지,민감성,,O,,,,,,,,,,O
한냔냐,,,,,,,,,,,,,
피치키티,민감성,봄웜톤,O,,,,,,,,,,O
Likey,민감성,여름쿨톤,O,,O,,,,O,,,,
봉봉구,복합성,,,,,,,,O,,,O,
뚱이2,,,,,,,,,,,,,
화장품에진심인편,복합성,웜톤,,,,,,,O,,,,
Likey,민감성,쿨톤,O,,,,,,O,,,,
midnightsummer,민감성,쿨톤,O,,,,,,O,,,,
팅팅탱탱후라이,복합성,웜톤,,,,,,,O,,,,O
라이언과춘식,민감성,여름쿨톤,O,,,,,,O,,,,
왕웅왕웅왕,,,,,,,,,,,,,
LV,중성,봄웜톤,,,,O,,,O,,,,
망고돼지,건성,웜톤,,,,,,,,,,,
동백,복합성,웜톤,,,,,,,,,,O,O
오메불망,건성,웜톤,,,,,,,,,O,O,
skyj,,,,,,,,,,,,,
랴미0915,민감성,여름쿨톤,O,,,,,,O,,O,,
새침양,,,,,,,,,,,,,
동글동글이이,복합성,웜톤,,,,,O,O,,,,,
미여,건성,웜톤,,,,,,,O,,,,O
부부길냥몬,복합성,겨울쿨톤,,,,,,,O,,,,
푸딱지,,,,,,,,,,,,,
그린등급인사람,복합성,웜톤,,,,,O,,O,,,,
사탕솜,,,,,,,,,,,,,
해롱공주,건성,,,,,,,,,,,,
눈이부시게살자,민감성,웜톤,O,,,,,,O,,,,
전꽁이,민감성,가을웜톤,O,,,,O,,,,,,
보라몽디,복합성,쿨톤,,,,,,,,,O,,
Sonsam07,건성,여름쿨톤,,,,,,O,,,,O,
나블루,건성,웜톤,,,,,,,O,,,,
궝나묭,복합성,가을웜톤,,,,,,,O,,,,O
사랑둥이들,,,,,,,,,,,,,
진208,,,,,,,,,,,,,
요레나,,,,,,,,,,,,,
영이521,,,,,,,,,,,,,
ppppo,복합성,,,,,,,,,,,,
쫄이짱,,,,,,,,,,,,,
부메랑고,,,,,,,,,,,,,
시아s,복합성,웜톤,,,,,O,,O,,,,
다닝라우,,쿨톤,,,,,,,,,,,
jwjw,,,,,,,,,,,,,
lucya****,민감성,,O,,,,,,,,,,
김빠진맥주가제일싫어,복합성,가을웜톤,,,,,O,,O,,,,
ISTJ0E,건성,겨울쿨톤,,,,,O,O,,,,,
올리바옹,건성,봄웜톤,,,,,,,O,O,,,
뀌로미얍,민감성,웜톤,O,,,O,,,,,,,
우시짱,복합성,봄웜톤,,,,,,O,,,,,O
언니불닭좀그만먹어,민감성,봄웜톤,O,,,,,,,,,,
akachi****,건성,여름쿨톤,,,,,,,,,O,O,
재연1,복합성,봄웜톤,,,,,O,,O,,,,
냥냥냥짼,복합성,쿨톤,,,,,,O,,,,,O
훌랄라오,민감성,웜톤,O,,,,O,,,,,,
안조교,민감성,여름쿨톤,O,,,,,,O,,,,
oss,복합성,가을웜톤,,,,,,O,,,,,
허브짱,,,,,,,,,,,,,
esc****,,,,,,,,,,,,,
단비먕,,쿨톤,,,,,,,,,,,
쥉우,트러블성,여름쿨톤,,,,,,,O,,,,O
짹참새짹,건성,웜톤,,,O,,,,,,,,
해쁘리핑,,,,,,,,,,,,,
xxoiux,,,,,,,,,,,,,
우시짱,,,,,,,,,,,,,
까다로운자식,,,,,,,,,,,,,
youngi,,,,,,,,,,,,,
꿀꿀꿀토끼,,,,,,,,,,,,,
dbwls****,,,,,,,,,,,,,
소우니,,,,,,,,,,,,,
buihoait****,,,,,,,,,,,,,
ahw****,,,,,,,,,,,,,
roli****,,,,,,,,,,,,,
mh****,,,,,,,,,,,,,
담담고미,,,,,,,,,,,,,
ㄱㄹㅇㅅ,,,,,,,,,,,,,
Heramy,민감성,여름쿨톤,O,,,,,,O,O,,,
라면인건가,지성,웜톤,,,,,,,O,,,,O
hyejee****,,,,,,,,,,,,,
mmmj****,,,,,,,,,,,,,
leejeong****,,,,,,,,,,,,,
bobby****,,,,,,,,,,,,,
yeayin****,,,,,,,,,,,,,
nateo****,,,,,,,,,,,,,
qoe****,,,,,,,,,,,,,
di****,,,,,,,,,,,,,
choigoya,,,,,,,,,,,,,
하농이는나다,건성,쿨톤,,,,O,,,,,O,,
챌콩,민감성,웜톤,O,,O,,,,,,,,
halfplastic,지성,,,,,,,O,O,,,,
쵼쵸니,지성,웜톤,,O,,,,,,,,,O
Baekseol,민감성,쿨톤,O,,,,,O,,,,,
너이름뭔데,민감성,웜톤,O,,,,,,O,,,,
나비비지,지성,웜톤,,O,,,,O,,,,,
지미니얌얌,,,,,,,,,,,,,
ㅈㅣㅇㅜ,복합성,쿨톤,,O,,,,O,,,,,
쿠하하공주님,건성,여름쿨톤,,,,,,O,,O,,,
뉴옹,복합성,가을웜톤,,,O,,O,,,,,,
ㅇㅖㅃㅡㄴㅣ,,,,,,,,,,,,,
요염한애벌레,민감성,여름쿨톤,O,,,,,,,,,,O
에어컨대신얼린망고,민감성,웜톤,O,,,,,,,,,O,
은서애기,,,,,,,,,,,,,
bjl****,,,,,,,,,,,,,
sy42****,,,,,,,,,,,,,
jaeha****,,,,,,,,,,,,,
rjwpfk****,,,,,,,,,,,,,
bbin****,,,,,,,,,,,,,
ssn****,,,,,,,,,,,,,
knh94****,,,,,,,,,,,,,
k202406179****,,,,,,,,,,,,,
halme77****,,,,,,,,,,,,,
선4,,,,,,,,,,,,,
도토리단풍,,,,,,,,,,,,,
glassskin,민감성,웜톤,O,,,,,O,,,,,
소스파이시,복합성,여름쿨톤,,,,,,,,,,O,
깐메추리알,건성,웜톤,,O,,,,O,,,,,
규링링이,복합성,여름쿨톤,,,,,,O,O,,,,
왕놩,민감성,,O,,,,,,,,,,
소동동,복합성,봄웜톤,,O,,,,,,,,O,
청순한마장동,복합성,웜톤,,,O,,O,,,,,,
쭈꾸미1호,민감성,쿨톤,O,,,,,,,,O,O,
수밍밍이,민감성,여름쿨톤,O,,,,,,O,,,O,
율짱임니댜,복합성,여름쿨톤,,,,,,O,O,,,,
나의붉은고래,민감성,웜톤,O,,,O,O,,,,,,
티코코,,,,,,,,,,,,,
up****,,,,,,,,,,,,,
kkui****,,,,,,,,,,,,,
as08****,,,,,,,,,,,,,
심자윤여친,지성,웜톤,,O,O,,,,,,,,
킹콩샤워,,,,,,,,,,,,,
yuyeon,,,,,,,,,,,,,
malie,민감성,봄웜톤,O,,,,,O,,,,,
먐무미,복합성,,,,O,,,,O,,,,
옹옹옹옹옹,복합성,봄웜톤,,,,,,,,,,,
Iwantpoint,민감성,여름쿨톤,O,,,,,,,,,,O
sforsinhui,,,,,,,,,,,,,
